,comuna,dia,value
0,Arica,0,0.9999999999999188
1,Arica,1,-0.0
2,Arica,2,-0.0
3,Arica,3,1.0
4,Arica,4,1.0
5,Arica,5,1.0
6,Arica,6,1.0
7,Arica,7,1.0
8,Arica,8,1.0
9,Arica,9,1.0
10,Arica,10,1.0
11,Arica,11,1.0
12,Arica,12,1.0
13,Arica,13,1.0
14,Arica,14,1.0
15,Arica,15,1.0
16,Arica,16,1.0
17,Arica,17,1.0
18,Arica,18,1.0
19,Arica,19,1.0
20,Arica,20,1.0
21,Arica,21,1.0
22,Arica,22,1.0
23,Arica,23,1.0
24,Arica,24,1.0
25,Arica,25,1.0
26,Arica,26,1.0
27,Arica,27,1.0
28,Arica,28,1.0
29,Arica,29,1.0
30,Arica,30,1.0
31,Arica,31,1.0
32,Arica,32,1.0
33,Arica,33,1.0
34,Arica,34,1.0
35,Arica,35,1.0
36,Arica,36,1.0
37,Arica,37,1.0
38,Arica,38,1.0
39,Arica,39,1.0
40,Arica,40,1.0
41,Arica,41,1.0
42,Arica,42,1.0
43,Arica,43,1.0
44,Arica,44,1.0
45,Arica,45,1.0
46,Arica,46,1.0
47,Arica,47,1.0
48,Arica,48,1.0
49,Arica,49,1.0
50,Arica,50,1.0
51,Arica,51,1.0
52,Arica,52,1.0
53,Arica,53,1.0
54,Arica,54,1.0
55,Arica,55,1.0
56,Arica,56,1.0
57,Arica,57,1.0
58,Arica,58,1.0
59,Arica,59,1.0
60,Arica,60,1.0
61,Arica,61,1.0
62,Arica,62,1.0
63,Arica,63,1.0
64,Arica,64,1.0
65,Arica,65,1.0
66,Arica,66,1.0
67,Arica,67,1.0
68,Arica,68,1.0
69,Arica,69,1.0
70,Arica,70,1.0
71,Arica,71,1.0
72,Arica,72,1.0
73,Arica,73,1.0
74,Arica,74,1.0
75,Arica,75,1.0
76,Arica,76,1.0
77,Arica,77,1.0
78,Arica,78,1.0
79,Arica,79,1.0
80,Arica,80,1.0
81,Arica,81,1.0
82,Arica,82,1.0
83,Arica,83,1.0
84,Arica,84,1.0
85,Arica,85,1.0
86,Arica,86,1.0
87,Arica,87,1.0
88,Arica,88,1.0
89,Arica,89,1.0
90,Arica,90,1.0
91,Arica,91,1.0
92,Arica,92,1.0
93,Arica,93,1.0
94,Arica,94,1.0
95,Arica,95,1.0
96,Arica,96,1.0
97,Arica,97,1.0
98,Arica,98,1.0
99,Arica,99,1.0
100,Camarones,0,0.9999999999998799
101,Camarones,1,0.0
102,Camarones,2,-0.0
103,Camarones,3,-0.0
104,Camarones,4,0.0
105,Camarones,5,-0.0
106,Camarones,6,0.0
107,Camarones,7,-0.0
108,Camarones,8,-0.0
109,Camarones,9,-0.0
110,Camarones,10,-0.0
111,Camarones,11,-0.0
112,Camarones,12,1.0
113,Camarones,13,1.0
114,Camarones,14,1.0
115,Camarones,15,1.0
116,Camarones,16,1.0
117,Camarones,17,1.0
118,Camarones,18,1.0
119,Camarones,19,1.0
120,Camarones,20,1.0
121,Camarones,21,1.0
122,Camarones,22,1.0
123,Camarones,23,1.0
124,Camarones,24,1.0
125,Camarones,25,1.0
126,Camarones,26,1.0
127,Camarones,27,1.0
128,Camarones,28,1.0
129,Camarones,29,1.0
130,Camarones,30,1.0
131,Camarones,31,1.0
132,Camarones,32,1.0
133,Camarones,33,1.0
134,Camarones,34,1.0
135,Camarones,35,1.0
136,Camarones,36,1.0
137,Camarones,37,1.0
138,Camarones,38,1.0
139,Camarones,39,1.0
140,Camarones,40,1.0
141,Camarones,41,1.0
142,Camarones,42,1.0
143,Camarones,43,1.0
144,Camarones,44,1.0
145,Camarones,45,1.0
146,Camarones,46,1.0
147,Camarones,47,1.0
148,Camarones,48,1.0
149,Camarones,49,1.0
150,Camarones,50,1.0
151,Camarones,51,1.0
152,Camarones,52,1.0
153,Camarones,53,1.0
154,Camarones,54,-0.0
155,Camarones,55,-0.0
156,Camarones,56,-0.0
157,Camarones,57,-0.0
158,Camarones,58,-0.0
159,Camarones,59,-0.0
160,Camarones,60,-0.0
161,Camarones,61,-0.0
162,Camarones,62,-0.0
163,Camarones,63,-0.0
164,Camarones,64,-0.0
165,Camarones,65,-0.0
166,Camarones,66,-0.0
167,Camarones,67,-0.0
168,Camarones,68,-0.0
169,Camarones,69,-0.0
170,Camarones,70,-0.0
171,Camarones,71,-0.0
172,Camarones,72,-0.0
173,Camarones,73,-0.0
174,Camarones,74,-0.0
175,Camarones,75,-0.0
176,Camarones,76,-0.0
177,Camarones,77,-0.0
178,Camarones,78,1.0
179,Camarones,79,1.0
180,Camarones,80,1.0
181,Camarones,81,1.0
182,Camarones,82,1.0
183,Camarones,83,1.0
184,Camarones,84,1.0
185,Camarones,85,1.0
186,Camarones,86,1.0
187,Camarones,87,-0.0
188,Camarones,88,-0.0
189,Camarones,89,-0.0
190,Camarones,90,1.0
191,Camarones,91,1.0
192,Camarones,92,1.0
193,Camarones,93,1.0
194,Camarones,94,1.0
195,Camarones,95,1.0
196,Camarones,96,1.0
197,Camarones,97,1.0
198,Camarones,98,-0.0
199,Camarones,99,-0.0
200,Putre,0,1.0
201,Putre,1,1.0
202,Putre,2,1.0
203,Putre,3,1.0
204,Putre,4,1.0
205,Putre,5,1.0
206,Putre,6,1.0
207,Putre,7,1.0
208,Putre,8,1.0
209,Putre,9,1.0
210,Putre,10,1.0
211,Putre,11,1.0
212,Putre,12,1.0
213,Putre,13,1.0
214,Putre,14,1.0
215,Putre,15,1.0
216,Putre,16,1.0
217,Putre,17,1.0
218,Putre,18,1.0
219,Putre,19,1.0
220,Putre,20,1.0
221,Putre,21,1.0
222,Putre,22,1.0
223,Putre,23,1.0
224,Putre,24,1.0
225,Putre,25,1.0
226,Putre,26,1.0
227,Putre,27,1.0
228,Putre,28,1.0
229,Putre,29,1.0
230,Putre,30,1.0
231,Putre,31,1.0
232,Putre,32,1.0
233,Putre,33,1.0
234,Putre,34,1.0
235,Putre,35,1.0
236,Putre,36,1.0
237,Putre,37,1.0
238,Putre,38,1.0
239,Putre,39,1.0
240,Putre,40,1.0
241,Putre,41,1.0
242,Putre,42,1.0
243,Putre,43,1.0
244,Putre,44,1.0
245,Putre,45,1.0
246,Putre,46,1.0
247,Putre,47,1.0
248,Putre,48,1.0
249,Putre,49,1.0
250,Putre,50,1.0
251,Putre,51,1.0
252,Putre,52,1.0
253,Putre,53,1.0
254,Putre,54,1.0
255,Putre,55,1.0
256,Putre,56,1.0
257,Putre,57,1.0
258,Putre,58,1.0
259,Putre,59,1.0
260,Putre,60,1.0
261,Putre,61,1.0
262,Putre,62,1.0
263,Putre,63,1.0
264,Putre,64,1.0
265,Putre,65,1.0
266,Putre,66,1.0
267,Putre,67,1.0
268,Putre,68,1.0
269,Putre,69,1.0
270,Putre,70,1.0
271,Putre,71,1.0
272,Putre,72,1.0
273,Putre,73,1.0
274,Putre,74,1.0
275,Putre,75,1.0
276,Putre,76,1.0
277,Putre,77,1.0
278,Putre,78,1.0
279,Putre,79,1.0
280,Putre,80,1.0
281,Putre,81,1.0
282,Putre,82,1.0
283,Putre,83,1.0
284,Putre,84,1.0
285,Putre,85,1.0
286,Putre,86,1.0
287,Putre,87,1.0
288,Putre,88,1.0
289,Putre,89,1.0
290,Putre,90,-0.0
291,Putre,91,-0.0
292,Putre,92,-0.0
293,Putre,93,-0.0
294,Putre,94,-0.0
295,Putre,95,-0.0
296,Putre,96,-0.0
297,Putre,97,-0.0
298,Putre,98,1.0
299,Putre,99,1.0
300,General Lagos,0,1.0
301,General Lagos,1,1.0
302,General Lagos,2,1.0
303,General Lagos,3,-0.0
304,General Lagos,4,-0.0
305,General Lagos,5,-0.0
306,General Lagos,6,-0.0
307,General Lagos,7,-0.0
308,General Lagos,8,-0.0
309,General Lagos,9,-0.0
310,General Lagos,10,-0.0
311,General Lagos,11,-0.0
312,General Lagos,12,-0.0
313,General Lagos,13,-0.0
314,General Lagos,14,-0.0
315,General Lagos,15,-0.0
316,General Lagos,16,-0.0
317,General Lagos,17,-0.0
318,General Lagos,18,-0.0
319,General Lagos,19,-0.0
320,General Lagos,20,-0.0
321,General Lagos,21,-0.0
322,General Lagos,22,-0.0
323,General Lagos,23,-0.0
324,General Lagos,24,-0.0
325,General Lagos,25,-0.0
326,General Lagos,26,-0.0
327,General Lagos,27,-0.0
328,General Lagos,28,-0.0
329,General Lagos,29,-0.0
330,General Lagos,30,-0.0
331,General Lagos,31,-0.0
332,General Lagos,32,-0.0
333,General Lagos,33,-0.0
334,General Lagos,34,-0.0
335,General Lagos,35,-0.0
336,General Lagos,36,-0.0
337,General Lagos,37,-0.0
338,General Lagos,38,-0.0
339,General Lagos,39,-0.0
340,General Lagos,40,-0.0
341,General Lagos,41,-0.0
342,General Lagos,42,-0.0
343,General Lagos,43,-0.0
344,General Lagos,44,-0.0
345,General Lagos,45,-0.0
346,General Lagos,46,-0.0
347,General Lagos,47,-0.0
348,General Lagos,48,-0.0
349,General Lagos,49,-0.0
350,General Lagos,50,-0.0
351,General Lagos,51,-0.0
352,General Lagos,52,-0.0
353,General Lagos,53,-0.0
354,General Lagos,54,-0.0
355,General Lagos,55,-0.0
356,General Lagos,56,0.0
357,General Lagos,57,-0.0
358,General Lagos,58,-0.0
359,General Lagos,59,-0.0
360,General Lagos,60,-0.0
361,General Lagos,61,-0.0
362,General Lagos,62,-0.0
363,General Lagos,63,-0.0
364,General Lagos,64,-0.0
365,General Lagos,65,-0.0
366,General Lagos,66,-0.0
367,General Lagos,67,-0.0
368,General Lagos,68,-0.0
369,General Lagos,69,-0.0
370,General Lagos,70,-0.0
371,General Lagos,71,-0.0
372,General Lagos,72,-0.0
373,General Lagos,73,-0.0
374,General Lagos,74,-0.0
375,General Lagos,75,-0.0
376,General Lagos,76,-0.0
377,General Lagos,77,-0.0
378,General Lagos,78,-0.0
379,General Lagos,79,-0.0
380,General Lagos,80,-0.0
381,General Lagos,81,-0.0
382,General Lagos,82,-0.0
383,General Lagos,83,-0.0
384,General Lagos,84,-0.0
385,General Lagos,85,-0.0
386,General Lagos,86,-0.0
387,General Lagos,87,-0.0
388,General Lagos,88,-0.0
389,General Lagos,89,-0.0
390,General Lagos,90,-0.0
391,General Lagos,91,-0.0
392,General Lagos,92,-0.0
393,General Lagos,93,-0.0
394,General Lagos,94,-0.0
395,General Lagos,95,-0.0
396,General Lagos,96,-0.0
397,General Lagos,97,-0.0
398,General Lagos,98,1.0
399,General Lagos,99,1.0
