,camion,dia,comuna,value
0,0,0,Arica,-0.0
1,0,1,Arica,0.0
2,0,2,Arica,1.0
3,0,3,Arica,1.0
4,0,4,Arica,1.0
5,0,5,Arica,1.0
6,0,6,Arica,1.0
7,0,7,Arica,1.0
8,0,8,Arica,1.0
9,0,9,Arica,1.0
10,0,10,Arica,1.0
11,0,11,Arica,1.0
12,0,12,Arica,1.0
13,0,13,Arica,1.0
14,0,14,Arica,1.0
15,0,15,Arica,1.0
16,0,16,Arica,1.0
17,0,17,Arica,1.0
18,0,18,Arica,1.0
19,0,19,Arica,1.0
20,0,20,Arica,1.0
21,0,21,Arica,1.0
22,0,22,Arica,1.0
23,0,23,Arica,1.0
24,0,24,Arica,1.0
25,0,25,Arica,1.0
26,0,26,Arica,1.0
27,0,27,Arica,1.0
28,0,28,Arica,1.0
29,0,29,Arica,1.0
30,0,30,Arica,1.0
31,0,31,Arica,1.0
32,0,32,Arica,1.0
33,0,33,Arica,1.0
34,0,34,Arica,1.0
35,0,35,Arica,1.0
36,0,36,Arica,1.0
37,0,37,Arica,1.0
38,0,38,Arica,1.0
39,0,39,Arica,1.0
40,0,40,Arica,1.0
41,0,41,Arica,1.0
42,0,42,Arica,1.0
43,0,43,Arica,1.0
44,0,44,Arica,1.0
45,0,45,Arica,1.0
46,0,46,Arica,1.0
47,0,47,Arica,1.0
48,0,48,Arica,1.0
49,0,49,Arica,1.0
50,0,50,Arica,1.0
51,0,51,Arica,1.0
52,0,52,Arica,1.0
53,0,53,Arica,1.0
54,0,54,Arica,1.0
55,0,55,Arica,1.0
56,0,56,Arica,1.0
57,0,57,Arica,1.0
58,0,58,Arica,1.0
59,0,59,Arica,1.0
60,0,60,Arica,1.0
61,0,61,Arica,1.0
62,0,62,Arica,1.0
63,0,63,Arica,1.0
64,0,64,Arica,1.0
65,0,65,Arica,1.0
66,0,66,Arica,1.0
67,0,67,Arica,1.0
68,0,68,Arica,1.0
69,0,69,Arica,1.0
70,0,70,Arica,1.0
71,0,71,Arica,1.0
72,0,72,Arica,1.0
73,0,73,Arica,1.0
74,0,74,Arica,1.0
75,0,75,Arica,1.0
76,0,76,Arica,1.0
77,0,77,Arica,1.0
78,0,78,Arica,1.0
79,0,79,Arica,1.0
80,0,80,Arica,1.0
81,0,81,Arica,1.0
82,0,82,Arica,1.0
83,0,83,Arica,1.0
84,0,84,Arica,1.0
85,0,85,Arica,1.0
86,0,86,Arica,1.0
87,0,0,Camarones,1.0
88,0,1,Camarones,-0.0
89,0,2,Camarones,-0.0
90,0,3,Camarones,-0.0
91,0,4,Camarones,-0.0
92,0,5,Camarones,-0.0
93,0,6,Camarones,-0.0
94,0,7,Camarones,-0.0
95,0,8,Camarones,-0.0
96,0,9,Camarones,-0.0
97,0,10,Camarones,-0.0
98,0,11,Camarones,-0.0
99,0,12,Camarones,-0.0
100,0,13,Camarones,-0.0
101,0,14,Camarones,-0.0
102,0,15,Camarones,-0.0
103,0,16,Camarones,-0.0
104,0,17,Camarones,-0.0
105,0,18,Camarones,0.0
106,0,19,Camarones,-0.0
107,0,20,Camarones,-0.0
108,0,21,Camarones,-0.0
109,0,22,Camarones,-0.0
110,0,23,Camarones,-0.0
111,0,24,Camarones,-0.0
112,0,25,Camarones,-0.0
113,0,26,Camarones,-0.0
114,0,27,Camarones,-0.0
115,0,28,Camarones,-0.0
116,0,29,Camarones,-0.0
117,0,30,Camarones,-0.0
118,0,31,Camarones,-0.0
119,0,32,Camarones,-0.0
120,0,33,Camarones,-0.0
121,0,34,Camarones,-0.0
122,0,35,Camarones,-0.0
123,0,36,Camarones,-0.0
124,0,37,Camarones,-0.0
125,0,38,Camarones,-0.0
126,0,39,Camarones,-0.0
127,0,40,Camarones,-0.0
128,0,41,Camarones,-0.0
129,0,42,Camarones,-0.0
130,0,43,Camarones,-0.0
131,0,44,Camarones,-0.0
132,0,45,Camarones,-0.0
133,0,46,Camarones,-0.0
134,0,47,Camarones,-0.0
135,0,48,Camarones,-0.0
136,0,49,Camarones,-0.0
137,0,50,Camarones,-0.0
138,0,51,Camarones,-0.0
139,0,52,Camarones,-0.0
140,0,53,Camarones,-0.0
141,0,54,Camarones,-0.0
142,0,55,Camarones,-0.0
143,0,56,Camarones,-0.0
144,0,57,Camarones,-0.0
145,0,58,Camarones,-0.0
146,0,59,Camarones,-0.0
147,0,60,Camarones,-0.0
148,0,61,Camarones,-0.0
149,0,62,Camarones,-0.0
150,0,63,Camarones,-0.0
151,0,64,Camarones,-0.0
152,0,65,Camarones,-0.0
153,0,66,Camarones,-0.0
154,0,67,Camarones,-0.0
155,0,68,Camarones,-0.0
156,0,69,Camarones,-0.0
157,0,70,Camarones,-0.0
158,0,71,Camarones,-0.0
159,0,72,Camarones,-0.0
160,0,73,Camarones,-0.0
161,0,74,Camarones,-0.0
162,0,75,Camarones,-0.0
163,0,76,Camarones,-0.0
164,0,77,Camarones,-0.0
165,0,78,Camarones,-0.0
166,0,79,Camarones,-0.0
167,0,80,Camarones,-0.0
168,0,81,Camarones,-0.0
169,0,82,Camarones,-0.0
170,0,83,Camarones,-0.0
171,0,84,Camarones,-0.0
172,0,85,Camarones,-0.0
173,0,86,Camarones,-0.0
174,0,0,Putre,-0.0
175,0,1,Putre,1.0
176,0,2,Putre,-0.0
177,0,3,Putre,-0.0
178,0,4,Putre,-0.0
179,0,5,Putre,-0.0
180,0,6,Putre,-0.0
181,0,7,Putre,-0.0
182,0,8,Putre,-0.0
183,0,9,Putre,-0.0
184,0,10,Putre,-0.0
185,0,11,Putre,-0.0
186,0,12,Putre,-0.0
187,0,13,Putre,-0.0
188,0,14,Putre,-0.0
189,0,15,Putre,-0.0
190,0,16,Putre,-0.0
191,0,17,Putre,-0.0
192,0,18,Putre,-0.0
193,0,19,Putre,-0.0
194,0,20,Putre,-0.0
195,0,21,Putre,-0.0
196,0,22,Putre,-0.0
197,0,23,Putre,-0.0
198,0,24,Putre,-0.0
199,0,25,Putre,-0.0
200,0,26,Putre,-0.0
201,0,27,Putre,-0.0
202,0,28,Putre,-0.0
203,0,29,Putre,-0.0
204,0,30,Putre,-0.0
205,0,31,Putre,-0.0
206,0,32,Putre,-0.0
207,0,33,Putre,-0.0
208,0,34,Putre,-0.0
209,0,35,Putre,-0.0
210,0,36,Putre,-0.0
211,0,37,Putre,-0.0
212,0,38,Putre,-0.0
213,0,39,Putre,-0.0
214,0,40,Putre,-0.0
215,0,41,Putre,-0.0
216,0,42,Putre,-0.0
217,0,43,Putre,-0.0
218,0,44,Putre,-0.0
219,0,45,Putre,-0.0
220,0,46,Putre,-0.0
221,0,47,Putre,-0.0
222,0,48,Putre,-0.0
223,0,49,Putre,-0.0
224,0,50,Putre,-0.0
225,0,51,Putre,-0.0
226,0,52,Putre,-0.0
227,0,53,Putre,-0.0
228,0,54,Putre,-0.0
229,0,55,Putre,-0.0
230,0,56,Putre,-0.0
231,0,57,Putre,-0.0
232,0,58,Putre,-0.0
233,0,59,Putre,-0.0
234,0,60,Putre,-0.0
235,0,61,Putre,-0.0
236,0,62,Putre,-0.0
237,0,63,Putre,-0.0
238,0,64,Putre,-0.0
239,0,65,Putre,-0.0
240,0,66,Putre,-0.0
241,0,67,Putre,-0.0
242,0,68,Putre,-0.0
243,0,69,Putre,-0.0
244,0,70,Putre,-0.0
245,0,71,Putre,-0.0
246,0,72,Putre,-0.0
247,0,73,Putre,-0.0
248,0,74,Putre,-0.0
249,0,75,Putre,-0.0
250,0,76,Putre,-0.0
251,0,77,Putre,-0.0
252,0,78,Putre,-0.0
253,0,79,Putre,-0.0
254,0,80,Putre,-0.0
255,0,81,Putre,-0.0
256,0,82,Putre,-0.0
257,0,83,Putre,-0.0
258,0,84,Putre,-0.0
259,0,85,Putre,-0.0
260,0,86,Putre,-0.0
261,0,0,General Lagos,-0.0
262,0,1,General Lagos,0.0
263,0,2,General Lagos,-0.0
264,0,3,General Lagos,-0.0
265,0,4,General Lagos,-0.0
266,0,5,General Lagos,-0.0
267,0,6,General Lagos,-0.0
268,0,7,General Lagos,-0.0
269,0,8,General Lagos,-0.0
270,0,9,General Lagos,-0.0
271,0,10,General Lagos,-0.0
272,0,11,General Lagos,-0.0
273,0,12,General Lagos,-0.0
274,0,13,General Lagos,-0.0
275,0,14,General Lagos,-0.0
276,0,15,General Lagos,-0.0
277,0,16,General Lagos,-0.0
278,0,17,General Lagos,-0.0
279,0,18,General Lagos,-0.0
280,0,19,General Lagos,0.0
281,0,20,General Lagos,-0.0
282,0,21,General Lagos,-0.0
283,0,22,General Lagos,-0.0
284,0,23,General Lagos,-0.0
285,0,24,General Lagos,-0.0
286,0,25,General Lagos,-0.0
287,0,26,General Lagos,-0.0
288,0,27,General Lagos,-0.0
289,0,28,General Lagos,-0.0
290,0,29,General Lagos,-0.0
291,0,30,General Lagos,-0.0
292,0,31,General Lagos,-0.0
293,0,32,General Lagos,-0.0
294,0,33,General Lagos,-0.0
295,0,34,General Lagos,-0.0
296,0,35,General Lagos,0.0
297,0,36,General Lagos,0.0
298,0,37,General Lagos,-0.0
299,0,38,General Lagos,-0.0
300,0,39,General Lagos,-0.0
301,0,40,General Lagos,-0.0
302,0,41,General Lagos,-0.0
303,0,42,General Lagos,-0.0
304,0,43,General Lagos,-0.0
305,0,44,General Lagos,-0.0
306,0,45,General Lagos,-0.0
307,0,46,General Lagos,-0.0
308,0,47,General Lagos,-0.0
309,0,48,General Lagos,-0.0
310,0,49,General Lagos,-0.0
311,0,50,General Lagos,-0.0
312,0,51,General Lagos,-0.0
313,0,52,General Lagos,-0.0
314,0,53,General Lagos,-0.0
315,0,54,General Lagos,-0.0
316,0,55,General Lagos,-0.0
317,0,56,General Lagos,-0.0
318,0,57,General Lagos,-0.0
319,0,58,General Lagos,-0.0
320,0,59,General Lagos,-0.0
321,0,60,General Lagos,-0.0
322,0,61,General Lagos,-0.0
323,0,62,General Lagos,-0.0
324,0,63,General Lagos,-0.0
325,0,64,General Lagos,-0.0
326,0,65,General Lagos,-0.0
327,0,66,General Lagos,-0.0
328,0,67,General Lagos,-0.0
329,0,68,General Lagos,-0.0
330,0,69,General Lagos,-0.0
331,0,70,General Lagos,-0.0
332,0,71,General Lagos,-0.0
333,0,72,General Lagos,-0.0
334,0,73,General Lagos,-0.0
335,0,74,General Lagos,-0.0
336,0,75,General Lagos,-0.0
337,0,76,General Lagos,-0.0
338,0,77,General Lagos,-0.0
339,0,78,General Lagos,-0.0
340,0,79,General Lagos,-0.0
341,0,80,General Lagos,-0.0
342,0,81,General Lagos,-0.0
343,0,82,General Lagos,-0.0
344,0,83,General Lagos,-0.0
345,0,84,General Lagos,-0.0
346,0,85,General Lagos,-0.0
347,0,86,General Lagos,-0.0
348,1,0,Arica,1.0
349,1,1,Arica,-0.0
350,1,2,Arica,1.0
351,1,3,Arica,1.0
352,1,4,Arica,1.0
353,1,5,Arica,1.0
354,1,6,Arica,1.0
355,1,7,Arica,1.0
356,1,8,Arica,1.0
357,1,9,Arica,1.0
358,1,10,Arica,1.0
359,1,11,Arica,1.0
360,1,12,Arica,1.0
361,1,13,Arica,1.0
362,1,14,Arica,1.0
363,1,15,Arica,1.0
364,1,16,Arica,1.0
365,1,17,Arica,1.0
366,1,18,Arica,1.0
367,1,19,Arica,1.0
368,1,20,Arica,1.0
369,1,21,Arica,1.0
370,1,22,Arica,1.0
371,1,23,Arica,1.0
372,1,24,Arica,1.0
373,1,25,Arica,1.0
374,1,26,Arica,1.0
375,1,27,Arica,1.0
376,1,28,Arica,1.0
377,1,29,Arica,1.0
378,1,30,Arica,1.0
379,1,31,Arica,1.0
380,1,32,Arica,1.0
381,1,33,Arica,1.0
382,1,34,Arica,1.0
383,1,35,Arica,1.0
384,1,36,Arica,1.0
385,1,37,Arica,1.0
386,1,38,Arica,0.0
387,1,39,Arica,1.0
388,1,40,Arica,1.0
389,1,41,Arica,1.0
390,1,42,Arica,1.0
391,1,43,Arica,1.0
392,1,44,Arica,1.0
393,1,45,Arica,1.0
394,1,46,Arica,1.0
395,1,47,Arica,1.0
396,1,48,Arica,1.0
397,1,49,Arica,1.0
398,1,50,Arica,1.0
399,1,51,Arica,1.0
400,1,52,Arica,1.0
401,1,53,Arica,1.0
402,1,54,Arica,1.0
403,1,55,Arica,1.0
404,1,56,Arica,1.0
405,1,57,Arica,1.0
406,1,58,Arica,1.0
407,1,59,Arica,1.0
408,1,60,Arica,1.0
409,1,61,Arica,1.0
410,1,62,Arica,1.0
411,1,63,Arica,1.0
412,1,64,Arica,1.0
413,1,65,Arica,1.0
414,1,66,Arica,1.0
415,1,67,Arica,1.0
416,1,68,Arica,1.0
417,1,69,Arica,1.0
418,1,70,Arica,1.0
419,1,71,Arica,1.0
420,1,72,Arica,1.0
421,1,73,Arica,1.0
422,1,74,Arica,1.0
423,1,75,Arica,1.0
424,1,76,Arica,1.0
425,1,77,Arica,1.0
426,1,78,Arica,1.0
427,1,79,Arica,1.0
428,1,80,Arica,1.0
429,1,81,Arica,1.0
430,1,82,Arica,1.0
431,1,83,Arica,1.0
432,1,84,Arica,1.0
433,1,85,Arica,1.0
434,1,86,Arica,1.0
435,1,0,Camarones,-0.0
436,1,1,Camarones,-0.0
437,1,2,Camarones,-0.0
438,1,3,Camarones,-0.0
439,1,4,Camarones,0.0
440,1,5,Camarones,-0.0
441,1,6,Camarones,-0.0
442,1,7,Camarones,-0.0
443,1,8,Camarones,-0.0
444,1,9,Camarones,-0.0
445,1,10,Camarones,-0.0
446,1,11,Camarones,-0.0
447,1,12,Camarones,-0.0
448,1,13,Camarones,-0.0
449,1,14,Camarones,-0.0
450,1,15,Camarones,-0.0
451,1,16,Camarones,-0.0
452,1,17,Camarones,-0.0
453,1,18,Camarones,-0.0
454,1,19,Camarones,-0.0
455,1,20,Camarones,-0.0
456,1,21,Camarones,-0.0
457,1,22,Camarones,-0.0
458,1,23,Camarones,-0.0
459,1,24,Camarones,-0.0
460,1,25,Camarones,-0.0
461,1,26,Camarones,-0.0
462,1,27,Camarones,-0.0
463,1,28,Camarones,-0.0
464,1,29,Camarones,-0.0
465,1,30,Camarones,-0.0
466,1,31,Camarones,-0.0
467,1,32,Camarones,-0.0
468,1,33,Camarones,-0.0
469,1,34,Camarones,-0.0
470,1,35,Camarones,-0.0
471,1,36,Camarones,-0.0
472,1,37,Camarones,-0.0
473,1,38,Camarones,-0.0
474,1,39,Camarones,-0.0
475,1,40,Camarones,-0.0
476,1,41,Camarones,-0.0
477,1,42,Camarones,-0.0
478,1,43,Camarones,-0.0
479,1,44,Camarones,-0.0
480,1,45,Camarones,-0.0
481,1,46,Camarones,-0.0
482,1,47,Camarones,-0.0
483,1,48,Camarones,-0.0
484,1,49,Camarones,-0.0
485,1,50,Camarones,-0.0
486,1,51,Camarones,-0.0
487,1,52,Camarones,-0.0
488,1,53,Camarones,-0.0
489,1,54,Camarones,-0.0
490,1,55,Camarones,-0.0
491,1,56,Camarones,-0.0
492,1,57,Camarones,-0.0
493,1,58,Camarones,-0.0
494,1,59,Camarones,-0.0
495,1,60,Camarones,-0.0
496,1,61,Camarones,-0.0
497,1,62,Camarones,-0.0
498,1,63,Camarones,-0.0
499,1,64,Camarones,-0.0
500,1,65,Camarones,-0.0
501,1,66,Camarones,-0.0
502,1,67,Camarones,-0.0
503,1,68,Camarones,-0.0
504,1,69,Camarones,-0.0
505,1,70,Camarones,-0.0
506,1,71,Camarones,-0.0
507,1,72,Camarones,-0.0
508,1,73,Camarones,-0.0
509,1,74,Camarones,-0.0
510,1,75,Camarones,-0.0
511,1,76,Camarones,-0.0
512,1,77,Camarones,-0.0
513,1,78,Camarones,-0.0
514,1,79,Camarones,-0.0
515,1,80,Camarones,-0.0
516,1,81,Camarones,-0.0
517,1,82,Camarones,-0.0
518,1,83,Camarones,-0.0
519,1,84,Camarones,-0.0
520,1,85,Camarones,-0.0
521,1,86,Camarones,-0.0
522,1,0,Putre,-0.0
523,1,1,Putre,1.0
524,1,2,Putre,-0.0
525,1,3,Putre,-0.0
526,1,4,Putre,-0.0
527,1,5,Putre,-0.0
528,1,6,Putre,-0.0
529,1,7,Putre,-0.0
530,1,8,Putre,-0.0
531,1,9,Putre,-0.0
532,1,10,Putre,-0.0
533,1,11,Putre,-0.0
534,1,12,Putre,-0.0
535,1,13,Putre,-0.0
536,1,14,Putre,-0.0
537,1,15,Putre,-0.0
538,1,16,Putre,-0.0
539,1,17,Putre,0.0
540,1,18,Putre,-0.0
541,1,19,Putre,-0.0
542,1,20,Putre,-0.0
543,1,21,Putre,-0.0
544,1,22,Putre,-0.0
545,1,23,Putre,-0.0
546,1,24,Putre,-0.0
547,1,25,Putre,-0.0
548,1,26,Putre,-0.0
549,1,27,Putre,-0.0
550,1,28,Putre,-0.0
551,1,29,Putre,-0.0
552,1,30,Putre,-0.0
553,1,31,Putre,-0.0
554,1,32,Putre,-0.0
555,1,33,Putre,-0.0
556,1,34,Putre,-0.0
557,1,35,Putre,-0.0
558,1,36,Putre,-0.0
559,1,37,Putre,-0.0
560,1,38,Putre,1.0
561,1,39,Putre,-0.0
562,1,40,Putre,-0.0
563,1,41,Putre,-0.0
564,1,42,Putre,-0.0
565,1,43,Putre,-0.0
566,1,44,Putre,-0.0
567,1,45,Putre,-0.0
568,1,46,Putre,-0.0
569,1,47,Putre,-0.0
570,1,48,Putre,-0.0
571,1,49,Putre,-0.0
572,1,50,Putre,-0.0
573,1,51,Putre,-0.0
574,1,52,Putre,-0.0
575,1,53,Putre,-0.0
576,1,54,Putre,-0.0
577,1,55,Putre,-0.0
578,1,56,Putre,-0.0
579,1,57,Putre,-0.0
580,1,58,Putre,-0.0
581,1,59,Putre,-0.0
582,1,60,Putre,-0.0
583,1,61,Putre,-0.0
584,1,62,Putre,-0.0
585,1,63,Putre,-0.0
586,1,64,Putre,-0.0
587,1,65,Putre,-0.0
588,1,66,Putre,-0.0
589,1,67,Putre,-0.0
590,1,68,Putre,-0.0
591,1,69,Putre,-0.0
592,1,70,Putre,-0.0
593,1,71,Putre,-0.0
594,1,72,Putre,-0.0
595,1,73,Putre,-0.0
596,1,74,Putre,-0.0
597,1,75,Putre,-0.0
598,1,76,Putre,-0.0
599,1,77,Putre,-0.0
600,1,78,Putre,-0.0
601,1,79,Putre,-0.0
602,1,80,Putre,-0.0
603,1,81,Putre,-0.0
604,1,82,Putre,-0.0
605,1,83,Putre,-0.0
606,1,84,Putre,-0.0
607,1,85,Putre,-0.0
608,1,86,Putre,-0.0
609,1,0,General Lagos,-0.0
610,1,1,General Lagos,-0.0
611,1,2,General Lagos,-0.0
612,1,3,General Lagos,-0.0
613,1,4,General Lagos,-0.0
614,1,5,General Lagos,-0.0
615,1,6,General Lagos,-0.0
616,1,7,General Lagos,-0.0
617,1,8,General Lagos,-0.0
618,1,9,General Lagos,-0.0
619,1,10,General Lagos,-0.0
620,1,11,General Lagos,-0.0
621,1,12,General Lagos,-0.0
622,1,13,General Lagos,-0.0
623,1,14,General Lagos,-0.0
624,1,15,General Lagos,-0.0
625,1,16,General Lagos,-0.0
626,1,17,General Lagos,-0.0
627,1,18,General Lagos,-0.0
628,1,19,General Lagos,-0.0
629,1,20,General Lagos,-0.0
630,1,21,General Lagos,-0.0
631,1,22,General Lagos,-0.0
632,1,23,General Lagos,-0.0
633,1,24,General Lagos,-0.0
634,1,25,General Lagos,-0.0
635,1,26,General Lagos,-0.0
636,1,27,General Lagos,-0.0
637,1,28,General Lagos,-0.0
638,1,29,General Lagos,-0.0
639,1,30,General Lagos,-0.0
640,1,31,General Lagos,-0.0
641,1,32,General Lagos,-0.0
642,1,33,General Lagos,-0.0
643,1,34,General Lagos,-0.0
644,1,35,General Lagos,-0.0
645,1,36,General Lagos,-0.0
646,1,37,General Lagos,-0.0
647,1,38,General Lagos,-0.0
648,1,39,General Lagos,-0.0
649,1,40,General Lagos,-0.0
650,1,41,General Lagos,-0.0
651,1,42,General Lagos,-0.0
652,1,43,General Lagos,-0.0
653,1,44,General Lagos,-0.0
654,1,45,General Lagos,-0.0
655,1,46,General Lagos,-0.0
656,1,47,General Lagos,-0.0
657,1,48,General Lagos,-0.0
658,1,49,General Lagos,-0.0
659,1,50,General Lagos,-0.0
660,1,51,General Lagos,-0.0
661,1,52,General Lagos,-0.0
662,1,53,General Lagos,-0.0
663,1,54,General Lagos,-0.0
664,1,55,General Lagos,-0.0
665,1,56,General Lagos,-0.0
666,1,57,General Lagos,-0.0
667,1,58,General Lagos,-0.0
668,1,59,General Lagos,-0.0
669,1,60,General Lagos,-0.0
670,1,61,General Lagos,-0.0
671,1,62,General Lagos,-0.0
672,1,63,General Lagos,-0.0
673,1,64,General Lagos,-0.0
674,1,65,General Lagos,-0.0
675,1,66,General Lagos,-0.0
676,1,67,General Lagos,-0.0
677,1,68,General Lagos,-0.0
678,1,69,General Lagos,-0.0
679,1,70,General Lagos,-0.0
680,1,71,General Lagos,-0.0
681,1,72,General Lagos,-0.0
682,1,73,General Lagos,-0.0
683,1,74,General Lagos,-0.0
684,1,75,General Lagos,-0.0
685,1,76,General Lagos,-0.0
686,1,77,General Lagos,-0.0
687,1,78,General Lagos,-0.0
688,1,79,General Lagos,-0.0
689,1,80,General Lagos,-0.0
690,1,81,General Lagos,-0.0
691,1,82,General Lagos,-0.0
692,1,83,General Lagos,-0.0
693,1,84,General Lagos,-0.0
694,1,85,General Lagos,-0.0
695,1,86,General Lagos,-0.0
696,2,0,Arica,-0.0
697,2,1,Arica,-0.0
698,2,2,Arica,1.0
699,2,3,Arica,1.0
700,2,4,Arica,1.0
701,2,5,Arica,1.0
702,2,6,Arica,1.0
703,2,7,Arica,1.0
704,2,8,Arica,1.0
705,2,9,Arica,1.0
706,2,10,Arica,1.0
707,2,11,Arica,1.0
708,2,12,Arica,1.0
709,2,13,Arica,1.0
710,2,14,Arica,1.0
711,2,15,Arica,1.0
712,2,16,Arica,1.0
713,2,17,Arica,1.0
714,2,18,Arica,-0.0
715,2,19,Arica,1.0
716,2,20,Arica,1.0
717,2,21,Arica,1.0
718,2,22,Arica,1.0
719,2,23,Arica,1.0
720,2,24,Arica,1.0
721,2,25,Arica,1.0
722,2,26,Arica,1.0
723,2,27,Arica,1.0
724,2,28,Arica,1.0
725,2,29,Arica,1.0
726,2,30,Arica,1.0
727,2,31,Arica,1.0
728,2,32,Arica,1.0
729,2,33,Arica,1.0
730,2,34,Arica,1.0
731,2,35,Arica,1.0
732,2,36,Arica,1.0
733,2,37,Arica,1.0
734,2,38,Arica,0.0
735,2,39,Arica,1.0
736,2,40,Arica,1.0
737,2,41,Arica,1.0
738,2,42,Arica,1.0
739,2,43,Arica,1.0
740,2,44,Arica,1.0
741,2,45,Arica,1.0
742,2,46,Arica,1.0
743,2,47,Arica,1.0
744,2,48,Arica,1.0
745,2,49,Arica,1.0
746,2,50,Arica,1.0
747,2,51,Arica,1.0
748,2,52,Arica,1.0
749,2,53,Arica,1.0
750,2,54,Arica,1.0
751,2,55,Arica,1.0
752,2,56,Arica,1.0
753,2,57,Arica,1.0
754,2,58,Arica,1.0
755,2,59,Arica,1.0
756,2,60,Arica,1.0
757,2,61,Arica,1.0
758,2,62,Arica,1.0
759,2,63,Arica,1.0
760,2,64,Arica,1.0
761,2,65,Arica,1.0
762,2,66,Arica,1.0
763,2,67,Arica,1.0
764,2,68,Arica,1.0
765,2,69,Arica,1.0
766,2,70,Arica,1.0
767,2,71,Arica,1.0
768,2,72,Arica,1.0
769,2,73,Arica,1.0
770,2,74,Arica,1.0
771,2,75,Arica,1.0
772,2,76,Arica,1.0
773,2,77,Arica,1.0
774,2,78,Arica,1.0
775,2,79,Arica,1.0
776,2,80,Arica,1.0
777,2,81,Arica,1.0
778,2,82,Arica,1.0
779,2,83,Arica,1.0
780,2,84,Arica,1.0
781,2,85,Arica,1.0
782,2,86,Arica,1.0
783,2,0,Camarones,1.0
784,2,1,Camarones,-0.0
785,2,2,Camarones,-0.0
786,2,3,Camarones,-0.0
787,2,4,Camarones,-0.0
788,2,5,Camarones,-0.0
789,2,6,Camarones,-0.0
790,2,7,Camarones,-0.0
791,2,8,Camarones,-0.0
792,2,9,Camarones,-0.0
793,2,10,Camarones,-0.0
794,2,11,Camarones,-0.0
795,2,12,Camarones,-0.0
796,2,13,Camarones,-0.0
797,2,14,Camarones,0.0
798,2,15,Camarones,-0.0
799,2,16,Camarones,-0.0
800,2,17,Camarones,-0.0
801,2,18,Camarones,-0.0
802,2,19,Camarones,-0.0
803,2,20,Camarones,-0.0
804,2,21,Camarones,-0.0
805,2,22,Camarones,-0.0
806,2,23,Camarones,-0.0
807,2,24,Camarones,-0.0
808,2,25,Camarones,-0.0
809,2,26,Camarones,-0.0
810,2,27,Camarones,-0.0
811,2,28,Camarones,-0.0
812,2,29,Camarones,-0.0
813,2,30,Camarones,-0.0
814,2,31,Camarones,-0.0
815,2,32,Camarones,-0.0
816,2,33,Camarones,-0.0
817,2,34,Camarones,-0.0
818,2,35,Camarones,-0.0
819,2,36,Camarones,-0.0
820,2,37,Camarones,-0.0
821,2,38,Camarones,-0.0
822,2,39,Camarones,-0.0
823,2,40,Camarones,-0.0
824,2,41,Camarones,-0.0
825,2,42,Camarones,-0.0
826,2,43,Camarones,-0.0
827,2,44,Camarones,-0.0
828,2,45,Camarones,-0.0
829,2,46,Camarones,-0.0
830,2,47,Camarones,-0.0
831,2,48,Camarones,-0.0
832,2,49,Camarones,-0.0
833,2,50,Camarones,-0.0
834,2,51,Camarones,-0.0
835,2,52,Camarones,-0.0
836,2,53,Camarones,-0.0
837,2,54,Camarones,-0.0
838,2,55,Camarones,-0.0
839,2,56,Camarones,-0.0
840,2,57,Camarones,-0.0
841,2,58,Camarones,-0.0
842,2,59,Camarones,-0.0
843,2,60,Camarones,-0.0
844,2,61,Camarones,-0.0
845,2,62,Camarones,-0.0
846,2,63,Camarones,-0.0
847,2,64,Camarones,-0.0
848,2,65,Camarones,-0.0
849,2,66,Camarones,-0.0
850,2,67,Camarones,-0.0
851,2,68,Camarones,-0.0
852,2,69,Camarones,-0.0
853,2,70,Camarones,-0.0
854,2,71,Camarones,-0.0
855,2,72,Camarones,-0.0
856,2,73,Camarones,-0.0
857,2,74,Camarones,-0.0
858,2,75,Camarones,-0.0
859,2,76,Camarones,-0.0
860,2,77,Camarones,-0.0
861,2,78,Camarones,-0.0
862,2,79,Camarones,-0.0
863,2,80,Camarones,-0.0
864,2,81,Camarones,-0.0
865,2,82,Camarones,-0.0
866,2,83,Camarones,-0.0
867,2,84,Camarones,-0.0
868,2,85,Camarones,-0.0
869,2,86,Camarones,-0.0
870,2,0,Putre,0.0
871,2,1,Putre,1.0
872,2,2,Putre,-0.0
873,2,3,Putre,-0.0
874,2,4,Putre,-0.0
875,2,5,Putre,-0.0
876,2,6,Putre,-0.0
877,2,7,Putre,-0.0
878,2,8,Putre,-0.0
879,2,9,Putre,-0.0
880,2,10,Putre,-0.0
881,2,11,Putre,-0.0
882,2,12,Putre,-0.0
883,2,13,Putre,-0.0
884,2,14,Putre,-0.0
885,2,15,Putre,-0.0
886,2,16,Putre,-0.0
887,2,17,Putre,-0.0
888,2,18,Putre,-0.0
889,2,19,Putre,-0.0
890,2,20,Putre,-0.0
891,2,21,Putre,-0.0
892,2,22,Putre,-0.0
893,2,23,Putre,-0.0
894,2,24,Putre,-0.0
895,2,25,Putre,-0.0
896,2,26,Putre,-0.0
897,2,27,Putre,-0.0
898,2,28,Putre,-0.0
899,2,29,Putre,-0.0
900,2,30,Putre,-0.0
901,2,31,Putre,-0.0
902,2,32,Putre,-0.0
903,2,33,Putre,-0.0
904,2,34,Putre,-0.0
905,2,35,Putre,-0.0
906,2,36,Putre,-0.0
907,2,37,Putre,-0.0
908,2,38,Putre,1.0
909,2,39,Putre,-0.0
910,2,40,Putre,-0.0
911,2,41,Putre,-0.0
912,2,42,Putre,-0.0
913,2,43,Putre,-0.0
914,2,44,Putre,-0.0
915,2,45,Putre,-0.0
916,2,46,Putre,-0.0
917,2,47,Putre,-0.0
918,2,48,Putre,-0.0
919,2,49,Putre,-0.0
920,2,50,Putre,-0.0
921,2,51,Putre,-0.0
922,2,52,Putre,-0.0
923,2,53,Putre,-0.0
924,2,54,Putre,-0.0
925,2,55,Putre,-0.0
926,2,56,Putre,-0.0
927,2,57,Putre,-0.0
928,2,58,Putre,-0.0
929,2,59,Putre,-0.0
930,2,60,Putre,-0.0
931,2,61,Putre,-0.0
932,2,62,Putre,-0.0
933,2,63,Putre,-0.0
934,2,64,Putre,-0.0
935,2,65,Putre,-0.0
936,2,66,Putre,-0.0
937,2,67,Putre,-0.0
938,2,68,Putre,-0.0
939,2,69,Putre,-0.0
940,2,70,Putre,-0.0
941,2,71,Putre,-0.0
942,2,72,Putre,-0.0
943,2,73,Putre,-0.0
944,2,74,Putre,-0.0
945,2,75,Putre,-0.0
946,2,76,Putre,-0.0
947,2,77,Putre,-0.0
948,2,78,Putre,-0.0
949,2,79,Putre,-0.0
950,2,80,Putre,-0.0
951,2,81,Putre,-0.0
952,2,82,Putre,-0.0
953,2,83,Putre,-0.0
954,2,84,Putre,-0.0
955,2,85,Putre,-0.0
956,2,86,Putre,-0.0
957,2,0,General Lagos,-0.0
958,2,1,General Lagos,-0.0
959,2,2,General Lagos,-0.0
960,2,3,General Lagos,-0.0
961,2,4,General Lagos,-0.0
962,2,5,General Lagos,-0.0
963,2,6,General Lagos,-0.0
964,2,7,General Lagos,-0.0
965,2,8,General Lagos,-0.0
966,2,9,General Lagos,-0.0
967,2,10,General Lagos,-0.0
968,2,11,General Lagos,-0.0
969,2,12,General Lagos,-0.0
970,2,13,General Lagos,-0.0
971,2,14,General Lagos,0.0
972,2,15,General Lagos,-0.0
973,2,16,General Lagos,-0.0
974,2,17,General Lagos,-0.0
975,2,18,General Lagos,1.0
976,2,19,General Lagos,-0.0
977,2,20,General Lagos,-0.0
978,2,21,General Lagos,-0.0
979,2,22,General Lagos,-0.0
980,2,23,General Lagos,-0.0
981,2,24,General Lagos,-0.0
982,2,25,General Lagos,-0.0
983,2,26,General Lagos,-0.0
984,2,27,General Lagos,-0.0
985,2,28,General Lagos,-0.0
986,2,29,General Lagos,-0.0
987,2,30,General Lagos,-0.0
988,2,31,General Lagos,-0.0
989,2,32,General Lagos,-0.0
990,2,33,General Lagos,-0.0
991,2,34,General Lagos,-0.0
992,2,35,General Lagos,-0.0
993,2,36,General Lagos,-0.0
994,2,37,General Lagos,-0.0
995,2,38,General Lagos,-0.0
996,2,39,General Lagos,-0.0
997,2,40,General Lagos,-0.0
998,2,41,General Lagos,-0.0
999,2,42,General Lagos,-0.0
1000,2,43,General Lagos,-0.0
1001,2,44,General Lagos,-0.0
1002,2,45,General Lagos,-0.0
1003,2,46,General Lagos,-0.0
1004,2,47,General Lagos,-0.0
1005,2,48,General Lagos,-0.0
1006,2,49,General Lagos,-0.0
1007,2,50,General Lagos,-0.0
1008,2,51,General Lagos,-0.0
1009,2,52,General Lagos,-0.0
1010,2,53,General Lagos,-0.0
1011,2,54,General Lagos,-0.0
1012,2,55,General Lagos,-0.0
1013,2,56,General Lagos,-0.0
1014,2,57,General Lagos,-0.0
1015,2,58,General Lagos,-0.0
1016,2,59,General Lagos,-0.0
1017,2,60,General Lagos,-0.0
1018,2,61,General Lagos,-0.0
1019,2,62,General Lagos,-0.0
1020,2,63,General Lagos,-0.0
1021,2,64,General Lagos,-0.0
1022,2,65,General Lagos,-0.0
1023,2,66,General Lagos,-0.0
1024,2,67,General Lagos,-0.0
1025,2,68,General Lagos,-0.0
1026,2,69,General Lagos,-0.0
1027,2,70,General Lagos,-0.0
1028,2,71,General Lagos,-0.0
1029,2,72,General Lagos,-0.0
1030,2,73,General Lagos,-0.0
1031,2,74,General Lagos,0.0
1032,2,75,General Lagos,-0.0
1033,2,76,General Lagos,-0.0
1034,2,77,General Lagos,-0.0
1035,2,78,General Lagos,-0.0
1036,2,79,General Lagos,-0.0
1037,2,80,General Lagos,-0.0
1038,2,81,General Lagos,-0.0
1039,2,82,General Lagos,-0.0
1040,2,83,General Lagos,-0.0
1041,2,84,General Lagos,-0.0
1042,2,85,General Lagos,-0.0
1043,2,86,General Lagos,-0.0
1044,3,0,Arica,1.0
1045,3,1,Arica,-0.0
1046,3,2,Arica,1.0
1047,3,3,Arica,1.0
1048,3,4,Arica,1.0
1049,3,5,Arica,1.0
1050,3,6,Arica,1.0
1051,3,7,Arica,1.0
1052,3,8,Arica,1.0
1053,3,9,Arica,1.0
1054,3,10,Arica,1.0
1055,3,11,Arica,1.0
1056,3,12,Arica,1.0
1057,3,13,Arica,1.0
1058,3,14,Arica,1.0
1059,3,15,Arica,1.0
1060,3,16,Arica,1.0
1061,3,17,Arica,1.0
1062,3,18,Arica,0.0
1063,3,19,Arica,1.0
1064,3,20,Arica,1.0
1065,3,21,Arica,1.0
1066,3,22,Arica,1.0
1067,3,23,Arica,1.0
1068,3,24,Arica,1.0
1069,3,25,Arica,1.0
1070,3,26,Arica,1.0
1071,3,27,Arica,1.0
1072,3,28,Arica,1.0
1073,3,29,Arica,1.0
1074,3,30,Arica,1.0
1075,3,31,Arica,1.0
1076,3,32,Arica,1.0
1077,3,33,Arica,1.0
1078,3,34,Arica,1.0
1079,3,35,Arica,1.0
1080,3,36,Arica,-0.0
1081,3,37,Arica,1.0
1082,3,38,Arica,1.0
1083,3,39,Arica,1.0
1084,3,40,Arica,1.0
1085,3,41,Arica,1.0
1086,3,42,Arica,1.0
1087,3,43,Arica,1.0
1088,3,44,Arica,1.0
1089,3,45,Arica,1.0
1090,3,46,Arica,1.0
1091,3,47,Arica,1.0
1092,3,48,Arica,1.0
1093,3,49,Arica,1.0
1094,3,50,Arica,1.0
1095,3,51,Arica,1.0
1096,3,52,Arica,1.0
1097,3,53,Arica,1.0
1098,3,54,Arica,1.0
1099,3,55,Arica,1.0
1100,3,56,Arica,1.0
1101,3,57,Arica,1.0
1102,3,58,Arica,1.0
1103,3,59,Arica,1.0
1104,3,60,Arica,1.0
1105,3,61,Arica,1.0
1106,3,62,Arica,1.0
1107,3,63,Arica,1.0
1108,3,64,Arica,1.0
1109,3,65,Arica,1.0
1110,3,66,Arica,1.0
1111,3,67,Arica,1.0
1112,3,68,Arica,1.0
1113,3,69,Arica,1.0
1114,3,70,Arica,1.0
1115,3,71,Arica,1.0
1116,3,72,Arica,1.0
1117,3,73,Arica,1.0
1118,3,74,Arica,1.0
1119,3,75,Arica,1.0
1120,3,76,Arica,1.0
1121,3,77,Arica,1.0
1122,3,78,Arica,1.0
1123,3,79,Arica,1.0
1124,3,80,Arica,1.0
1125,3,81,Arica,1.0
1126,3,82,Arica,1.0
1127,3,83,Arica,1.0
1128,3,84,Arica,1.0
1129,3,85,Arica,1.0
1130,3,86,Arica,1.0
1131,3,0,Camarones,-0.0
1132,3,1,Camarones,-0.0
1133,3,2,Camarones,-0.0
1134,3,3,Camarones,-0.0
1135,3,4,Camarones,0.0
1136,3,5,Camarones,-0.0
1137,3,6,Camarones,-0.0
1138,3,7,Camarones,-0.0
1139,3,8,Camarones,-0.0
1140,3,9,Camarones,-0.0
1141,3,10,Camarones,-0.0
1142,3,11,Camarones,-0.0
1143,3,12,Camarones,-0.0
1144,3,13,Camarones,-0.0
1145,3,14,Camarones,-0.0
1146,3,15,Camarones,-0.0
1147,3,16,Camarones,-0.0
1148,3,17,Camarones,-0.0
1149,3,18,Camarones,-0.0
1150,3,19,Camarones,-0.0
1151,3,20,Camarones,-0.0
1152,3,21,Camarones,-0.0
1153,3,22,Camarones,-0.0
1154,3,23,Camarones,-0.0
1155,3,24,Camarones,-0.0
1156,3,25,Camarones,-0.0
1157,3,26,Camarones,-0.0
1158,3,27,Camarones,-0.0
1159,3,28,Camarones,-0.0
1160,3,29,Camarones,-0.0
1161,3,30,Camarones,-0.0
1162,3,31,Camarones,-0.0
1163,3,32,Camarones,-0.0
1164,3,33,Camarones,-0.0
1165,3,34,Camarones,-0.0
1166,3,35,Camarones,-0.0
1167,3,36,Camarones,-0.0
1168,3,37,Camarones,-0.0
1169,3,38,Camarones,-0.0
1170,3,39,Camarones,-0.0
1171,3,40,Camarones,-0.0
1172,3,41,Camarones,-0.0
1173,3,42,Camarones,-0.0
1174,3,43,Camarones,-0.0
1175,3,44,Camarones,-0.0
1176,3,45,Camarones,-0.0
1177,3,46,Camarones,-0.0
1178,3,47,Camarones,-0.0
1179,3,48,Camarones,-0.0
1180,3,49,Camarones,-0.0
1181,3,50,Camarones,-0.0
1182,3,51,Camarones,-0.0
1183,3,52,Camarones,-0.0
1184,3,53,Camarones,-0.0
1185,3,54,Camarones,-0.0
1186,3,55,Camarones,-0.0
1187,3,56,Camarones,-0.0
1188,3,57,Camarones,-0.0
1189,3,58,Camarones,-0.0
1190,3,59,Camarones,-0.0
1191,3,60,Camarones,-0.0
1192,3,61,Camarones,-0.0
1193,3,62,Camarones,-0.0
1194,3,63,Camarones,-0.0
1195,3,64,Camarones,-0.0
1196,3,65,Camarones,-0.0
1197,3,66,Camarones,-0.0
1198,3,67,Camarones,-0.0
1199,3,68,Camarones,-0.0
1200,3,69,Camarones,-0.0
1201,3,70,Camarones,-0.0
1202,3,71,Camarones,-0.0
1203,3,72,Camarones,-0.0
1204,3,73,Camarones,-0.0
1205,3,74,Camarones,-0.0
1206,3,75,Camarones,-0.0
1207,3,76,Camarones,-0.0
1208,3,77,Camarones,-0.0
1209,3,78,Camarones,-0.0
1210,3,79,Camarones,-0.0
1211,3,80,Camarones,-0.0
1212,3,81,Camarones,-0.0
1213,3,82,Camarones,-0.0
1214,3,83,Camarones,-0.0
1215,3,84,Camarones,-0.0
1216,3,85,Camarones,-0.0
1217,3,86,Camarones,-0.0
1218,3,0,Putre,-0.0
1219,3,1,Putre,1.0
1220,3,2,Putre,-0.0
1221,3,3,Putre,-0.0
1222,3,4,Putre,0.0
1223,3,5,Putre,-0.0
1224,3,6,Putre,-0.0
1225,3,7,Putre,-0.0
1226,3,8,Putre,-0.0
1227,3,9,Putre,-0.0
1228,3,10,Putre,-0.0
1229,3,11,Putre,-0.0
1230,3,12,Putre,-0.0
1231,3,13,Putre,-0.0
1232,3,14,Putre,-0.0
1233,3,15,Putre,-0.0
1234,3,16,Putre,-0.0
1235,3,17,Putre,-0.0
1236,3,18,Putre,-0.0
1237,3,19,Putre,-0.0
1238,3,20,Putre,-0.0
1239,3,21,Putre,-0.0
1240,3,22,Putre,-0.0
1241,3,23,Putre,-0.0
1242,3,24,Putre,-0.0
1243,3,25,Putre,-0.0
1244,3,26,Putre,-0.0
1245,3,27,Putre,-0.0
1246,3,28,Putre,-0.0
1247,3,29,Putre,-0.0
1248,3,30,Putre,-0.0
1249,3,31,Putre,-0.0
1250,3,32,Putre,-0.0
1251,3,33,Putre,-0.0
1252,3,34,Putre,-0.0
1253,3,35,Putre,-0.0
1254,3,36,Putre,-0.0
1255,3,37,Putre,-0.0
1256,3,38,Putre,-0.0
1257,3,39,Putre,-0.0
1258,3,40,Putre,-0.0
1259,3,41,Putre,-0.0
1260,3,42,Putre,-0.0
1261,3,43,Putre,-0.0
1262,3,44,Putre,-0.0
1263,3,45,Putre,-0.0
1264,3,46,Putre,-0.0
1265,3,47,Putre,-0.0
1266,3,48,Putre,-0.0
1267,3,49,Putre,-0.0
1268,3,50,Putre,-0.0
1269,3,51,Putre,-0.0
1270,3,52,Putre,-0.0
1271,3,53,Putre,-0.0
1272,3,54,Putre,-0.0
1273,3,55,Putre,-0.0
1274,3,56,Putre,-0.0
1275,3,57,Putre,-0.0
1276,3,58,Putre,-0.0
1277,3,59,Putre,-0.0
1278,3,60,Putre,-0.0
1279,3,61,Putre,-0.0
1280,3,62,Putre,-0.0
1281,3,63,Putre,-0.0
1282,3,64,Putre,0.0
1283,3,65,Putre,-0.0
1284,3,66,Putre,-0.0
1285,3,67,Putre,-0.0
1286,3,68,Putre,-0.0
1287,3,69,Putre,-0.0
1288,3,70,Putre,-0.0
1289,3,71,Putre,-0.0
1290,3,72,Putre,-0.0
1291,3,73,Putre,-0.0
1292,3,74,Putre,-0.0
1293,3,75,Putre,-0.0
1294,3,76,Putre,-0.0
1295,3,77,Putre,-0.0
1296,3,78,Putre,-0.0
1297,3,79,Putre,-0.0
1298,3,80,Putre,-0.0
1299,3,81,Putre,-0.0
1300,3,82,Putre,-0.0
1301,3,83,Putre,-0.0
1302,3,84,Putre,-0.0
1303,3,85,Putre,-0.0
1304,3,86,Putre,-0.0
1305,3,0,General Lagos,-0.0
1306,3,1,General Lagos,-0.0
1307,3,2,General Lagos,-0.0
1308,3,3,General Lagos,-0.0
1309,3,4,General Lagos,0.0
1310,3,5,General Lagos,-0.0
1311,3,6,General Lagos,-0.0
1312,3,7,General Lagos,-0.0
1313,3,8,General Lagos,-0.0
1314,3,9,General Lagos,-0.0
1315,3,10,General Lagos,-0.0
1316,3,11,General Lagos,-0.0
1317,3,12,General Lagos,-0.0
1318,3,13,General Lagos,-0.0
1319,3,14,General Lagos,-0.0
1320,3,15,General Lagos,-0.0
1321,3,16,General Lagos,-0.0
1322,3,17,General Lagos,-0.0
1323,3,18,General Lagos,1.0
1324,3,19,General Lagos,-0.0
1325,3,20,General Lagos,-0.0
1326,3,21,General Lagos,-0.0
1327,3,22,General Lagos,-0.0
1328,3,23,General Lagos,-0.0
1329,3,24,General Lagos,-0.0
1330,3,25,General Lagos,-0.0
1331,3,26,General Lagos,-0.0
1332,3,27,General Lagos,-0.0
1333,3,28,General Lagos,-0.0
1334,3,29,General Lagos,-0.0
1335,3,30,General Lagos,-0.0
1336,3,31,General Lagos,-0.0
1337,3,32,General Lagos,-0.0
1338,3,33,General Lagos,-0.0
1339,3,34,General Lagos,-0.0
1340,3,35,General Lagos,-0.0
1341,3,36,General Lagos,1.0
1342,3,37,General Lagos,-0.0
1343,3,38,General Lagos,-0.0
1344,3,39,General Lagos,-0.0
1345,3,40,General Lagos,-0.0
1346,3,41,General Lagos,-0.0
1347,3,42,General Lagos,-0.0
1348,3,43,General Lagos,-0.0
1349,3,44,General Lagos,-0.0
1350,3,45,General Lagos,-0.0
1351,3,46,General Lagos,-0.0
1352,3,47,General Lagos,-0.0
1353,3,48,General Lagos,-0.0
1354,3,49,General Lagos,-0.0
1355,3,50,General Lagos,-0.0
1356,3,51,General Lagos,-0.0
1357,3,52,General Lagos,-0.0
1358,3,53,General Lagos,-0.0
1359,3,54,General Lagos,-0.0
1360,3,55,General Lagos,-0.0
1361,3,56,General Lagos,-0.0
1362,3,57,General Lagos,-0.0
1363,3,58,General Lagos,-0.0
1364,3,59,General Lagos,-0.0
1365,3,60,General Lagos,-0.0
1366,3,61,General Lagos,-0.0
1367,3,62,General Lagos,-0.0
1368,3,63,General Lagos,-0.0
1369,3,64,General Lagos,-0.0
1370,3,65,General Lagos,-0.0
1371,3,66,General Lagos,-0.0
1372,3,67,General Lagos,-0.0
1373,3,68,General Lagos,-0.0
1374,3,69,General Lagos,-0.0
1375,3,70,General Lagos,-0.0
1376,3,71,General Lagos,-0.0
1377,3,72,General Lagos,-0.0
1378,3,73,General Lagos,-0.0
1379,3,74,General Lagos,-0.0
1380,3,75,General Lagos,-0.0
1381,3,76,General Lagos,-0.0
1382,3,77,General Lagos,-0.0
1383,3,78,General Lagos,-0.0
1384,3,79,General Lagos,-0.0
1385,3,80,General Lagos,-0.0
1386,3,81,General Lagos,-0.0
1387,3,82,General Lagos,-0.0
1388,3,83,General Lagos,-0.0
1389,3,84,General Lagos,-0.0
1390,3,85,General Lagos,-0.0
1391,3,86,General Lagos,-0.0
1392,4,0,Arica,-0.0
1393,4,1,Arica,0.0
1394,4,2,Arica,1.0
1395,4,3,Arica,1.0
1396,4,4,Arica,1.0
1397,4,5,Arica,1.0
1398,4,6,Arica,1.0
1399,4,7,Arica,1.0
1400,4,8,Arica,1.0
1401,4,9,Arica,1.0
1402,4,10,Arica,1.0
1403,4,11,Arica,1.0
1404,4,12,Arica,1.0
1405,4,13,Arica,1.0
1406,4,14,Arica,1.0
1407,4,15,Arica,1.0
1408,4,16,Arica,1.0
1409,4,17,Arica,1.0
1410,4,18,Arica,1.0
1411,4,19,Arica,1.0
1412,4,20,Arica,1.0
1413,4,21,Arica,1.0
1414,4,22,Arica,1.0
1415,4,23,Arica,1.0
1416,4,24,Arica,1.0
1417,4,25,Arica,1.0
1418,4,26,Arica,1.0
1419,4,27,Arica,1.0
1420,4,28,Arica,1.0
1421,4,29,Arica,1.0
1422,4,30,Arica,1.0
1423,4,31,Arica,1.0
1424,4,32,Arica,1.0
1425,4,33,Arica,1.0
1426,4,34,Arica,1.0
1427,4,35,Arica,1.0
1428,4,36,Arica,1.0
1429,4,37,Arica,1.0
1430,4,38,Arica,1.0
1431,4,39,Arica,1.0
1432,4,40,Arica,1.0
1433,4,41,Arica,1.0
1434,4,42,Arica,1.0
1435,4,43,Arica,1.0
1436,4,44,Arica,1.0
1437,4,45,Arica,1.0
1438,4,46,Arica,1.0
1439,4,47,Arica,1.0
1440,4,48,Arica,1.0
1441,4,49,Arica,1.0
1442,4,50,Arica,1.0
1443,4,51,Arica,1.0
1444,4,52,Arica,1.0
1445,4,53,Arica,1.0
1446,4,54,Arica,1.0
1447,4,55,Arica,1.0
1448,4,56,Arica,1.0
1449,4,57,Arica,1.0
1450,4,58,Arica,1.0
1451,4,59,Arica,1.0
1452,4,60,Arica,1.0
1453,4,61,Arica,1.0
1454,4,62,Arica,1.0
1455,4,63,Arica,1.0
1456,4,64,Arica,1.0
1457,4,65,Arica,1.0
1458,4,66,Arica,1.0
1459,4,67,Arica,1.0
1460,4,68,Arica,1.0
1461,4,69,Arica,1.0
1462,4,70,Arica,1.0
1463,4,71,Arica,1.0
1464,4,72,Arica,1.0
1465,4,73,Arica,1.0
1466,4,74,Arica,1.0
1467,4,75,Arica,1.0
1468,4,76,Arica,1.0
1469,4,77,Arica,1.0
1470,4,78,Arica,1.0
1471,4,79,Arica,1.0
1472,4,80,Arica,1.0
1473,4,81,Arica,1.0
1474,4,82,Arica,1.0
1475,4,83,Arica,1.0
1476,4,84,Arica,1.0
1477,4,85,Arica,1.0
1478,4,86,Arica,1.0
1479,4,0,Camarones,1.0
1480,4,1,Camarones,-0.0
1481,4,2,Camarones,-0.0
1482,4,3,Camarones,-0.0
1483,4,4,Camarones,-0.0
1484,4,5,Camarones,-0.0
1485,4,6,Camarones,-0.0
1486,4,7,Camarones,-0.0
1487,4,8,Camarones,-0.0
1488,4,9,Camarones,-0.0
1489,4,10,Camarones,-0.0
1490,4,11,Camarones,-0.0
1491,4,12,Camarones,-0.0
1492,4,13,Camarones,-0.0
1493,4,14,Camarones,-0.0
1494,4,15,Camarones,-0.0
1495,4,16,Camarones,-0.0
1496,4,17,Camarones,-0.0
1497,4,18,Camarones,0.0
1498,4,19,Camarones,-0.0
1499,4,20,Camarones,-0.0
1500,4,21,Camarones,-0.0
1501,4,22,Camarones,-0.0
1502,4,23,Camarones,-0.0
1503,4,24,Camarones,-0.0
1504,4,25,Camarones,-0.0
1505,4,26,Camarones,-0.0
1506,4,27,Camarones,-0.0
1507,4,28,Camarones,-0.0
1508,4,29,Camarones,-0.0
1509,4,30,Camarones,-0.0
1510,4,31,Camarones,-0.0
1511,4,32,Camarones,-0.0
1512,4,33,Camarones,-0.0
1513,4,34,Camarones,-0.0
1514,4,35,Camarones,-0.0
1515,4,36,Camarones,-0.0
1516,4,37,Camarones,-0.0
1517,4,38,Camarones,-0.0
1518,4,39,Camarones,-0.0
1519,4,40,Camarones,-0.0
1520,4,41,Camarones,-0.0
1521,4,42,Camarones,-0.0
1522,4,43,Camarones,-0.0
1523,4,44,Camarones,-0.0
1524,4,45,Camarones,-0.0
1525,4,46,Camarones,-0.0
1526,4,47,Camarones,-0.0
1527,4,48,Camarones,-0.0
1528,4,49,Camarones,-0.0
1529,4,50,Camarones,-0.0
1530,4,51,Camarones,-0.0
1531,4,52,Camarones,-0.0
1532,4,53,Camarones,-0.0
1533,4,54,Camarones,-0.0
1534,4,55,Camarones,-0.0
1535,4,56,Camarones,-0.0
1536,4,57,Camarones,-0.0
1537,4,58,Camarones,-0.0
1538,4,59,Camarones,-0.0
1539,4,60,Camarones,-0.0
1540,4,61,Camarones,-0.0
1541,4,62,Camarones,-0.0
1542,4,63,Camarones,-0.0
1543,4,64,Camarones,-0.0
1544,4,65,Camarones,-0.0
1545,4,66,Camarones,-0.0
1546,4,67,Camarones,-0.0
1547,4,68,Camarones,-0.0
1548,4,69,Camarones,-0.0
1549,4,70,Camarones,-0.0
1550,4,71,Camarones,-0.0
1551,4,72,Camarones,-0.0
1552,4,73,Camarones,-0.0
1553,4,74,Camarones,-0.0
1554,4,75,Camarones,-0.0
1555,4,76,Camarones,-0.0
1556,4,77,Camarones,-0.0
1557,4,78,Camarones,-0.0
1558,4,79,Camarones,-0.0
1559,4,80,Camarones,-0.0
1560,4,81,Camarones,-0.0
1561,4,82,Camarones,-0.0
1562,4,83,Camarones,-0.0
1563,4,84,Camarones,-0.0
1564,4,85,Camarones,-0.0
1565,4,86,Camarones,-0.0
1566,4,0,Putre,-0.0
1567,4,1,Putre,1.0
1568,4,2,Putre,-0.0
1569,4,3,Putre,-0.0
1570,4,4,Putre,-0.0
1571,4,5,Putre,-0.0
1572,4,6,Putre,-0.0
1573,4,7,Putre,-0.0
1574,4,8,Putre,-0.0
1575,4,9,Putre,-0.0
1576,4,10,Putre,-0.0
1577,4,11,Putre,-0.0
1578,4,12,Putre,-0.0
1579,4,13,Putre,-0.0
1580,4,14,Putre,-0.0
1581,4,15,Putre,-0.0
1582,4,16,Putre,-0.0
1583,4,17,Putre,-0.0
1584,4,18,Putre,0.0
1585,4,19,Putre,-0.0
1586,4,20,Putre,-0.0
1587,4,21,Putre,-0.0
1588,4,22,Putre,-0.0
1589,4,23,Putre,-0.0
1590,4,24,Putre,-0.0
1591,4,25,Putre,-0.0
1592,4,26,Putre,-0.0
1593,4,27,Putre,-0.0
1594,4,28,Putre,-0.0
1595,4,29,Putre,-0.0
1596,4,30,Putre,-0.0
1597,4,31,Putre,-0.0
1598,4,32,Putre,-0.0
1599,4,33,Putre,-0.0
1600,4,34,Putre,-0.0
1601,4,35,Putre,-0.0
1602,4,36,Putre,-0.0
1603,4,37,Putre,-0.0
1604,4,38,Putre,-0.0
1605,4,39,Putre,-0.0
1606,4,40,Putre,-0.0
1607,4,41,Putre,-0.0
1608,4,42,Putre,-0.0
1609,4,43,Putre,-0.0
1610,4,44,Putre,-0.0
1611,4,45,Putre,-0.0
1612,4,46,Putre,-0.0
1613,4,47,Putre,-0.0
1614,4,48,Putre,-0.0
1615,4,49,Putre,-0.0
1616,4,50,Putre,-0.0
1617,4,51,Putre,-0.0
1618,4,52,Putre,-0.0
1619,4,53,Putre,-0.0
1620,4,54,Putre,-0.0
1621,4,55,Putre,0.0
1622,4,56,Putre,-0.0
1623,4,57,Putre,-0.0
1624,4,58,Putre,-0.0
1625,4,59,Putre,-0.0
1626,4,60,Putre,-0.0
1627,4,61,Putre,-0.0
1628,4,62,Putre,-0.0
1629,4,63,Putre,-0.0
1630,4,64,Putre,-0.0
1631,4,65,Putre,-0.0
1632,4,66,Putre,-0.0
1633,4,67,Putre,-0.0
1634,4,68,Putre,-0.0
1635,4,69,Putre,-0.0
1636,4,70,Putre,-0.0
1637,4,71,Putre,-0.0
1638,4,72,Putre,-0.0
1639,4,73,Putre,-0.0
1640,4,74,Putre,-0.0
1641,4,75,Putre,-0.0
1642,4,76,Putre,-0.0
1643,4,77,Putre,-0.0
1644,4,78,Putre,-0.0
1645,4,79,Putre,-0.0
1646,4,80,Putre,-0.0
1647,4,81,Putre,-0.0
1648,4,82,Putre,-0.0
1649,4,83,Putre,-0.0
1650,4,84,Putre,-0.0
1651,4,85,Putre,-0.0
1652,4,86,Putre,-0.0
1653,4,0,General Lagos,0.0
1654,4,1,General Lagos,-0.0
1655,4,2,General Lagos,-0.0
1656,4,3,General Lagos,-0.0
1657,4,4,General Lagos,-0.0
1658,4,5,General Lagos,-0.0
1659,4,6,General Lagos,-0.0
1660,4,7,General Lagos,-0.0
1661,4,8,General Lagos,-0.0
1662,4,9,General Lagos,-0.0
1663,4,10,General Lagos,-0.0
1664,4,11,General Lagos,-0.0
1665,4,12,General Lagos,-0.0
1666,4,13,General Lagos,-0.0
1667,4,14,General Lagos,-0.0
1668,4,15,General Lagos,-0.0
1669,4,16,General Lagos,-0.0
1670,4,17,General Lagos,-0.0
1671,4,18,General Lagos,-0.0
1672,4,19,General Lagos,-0.0
1673,4,20,General Lagos,-0.0
1674,4,21,General Lagos,-0.0
1675,4,22,General Lagos,-0.0
1676,4,23,General Lagos,-0.0
1677,4,24,General Lagos,-0.0
1678,4,25,General Lagos,-0.0
1679,4,26,General Lagos,-0.0
1680,4,27,General Lagos,-0.0
1681,4,28,General Lagos,-0.0
1682,4,29,General Lagos,-0.0
1683,4,30,General Lagos,-0.0
1684,4,31,General Lagos,-0.0
1685,4,32,General Lagos,-0.0
1686,4,33,General Lagos,-0.0
1687,4,34,General Lagos,-0.0
1688,4,35,General Lagos,-0.0
1689,4,36,General Lagos,-0.0
1690,4,37,General Lagos,-0.0
1691,4,38,General Lagos,-0.0
1692,4,39,General Lagos,-0.0
1693,4,40,General Lagos,-0.0
1694,4,41,General Lagos,-0.0
1695,4,42,General Lagos,-0.0
1696,4,43,General Lagos,-0.0
1697,4,44,General Lagos,-0.0
1698,4,45,General Lagos,-0.0
1699,4,46,General Lagos,-0.0
1700,4,47,General Lagos,-0.0
1701,4,48,General Lagos,-0.0
1702,4,49,General Lagos,-0.0
1703,4,50,General Lagos,-0.0
1704,4,51,General Lagos,-0.0
1705,4,52,General Lagos,-0.0
1706,4,53,General Lagos,-0.0
1707,4,54,General Lagos,-0.0
1708,4,55,General Lagos,-0.0
1709,4,56,General Lagos,-0.0
1710,4,57,General Lagos,-0.0
1711,4,58,General Lagos,-0.0
1712,4,59,General Lagos,-0.0
1713,4,60,General Lagos,-0.0
1714,4,61,General Lagos,-0.0
1715,4,62,General Lagos,-0.0
1716,4,63,General Lagos,-0.0
1717,4,64,General Lagos,-0.0
1718,4,65,General Lagos,-0.0
1719,4,66,General Lagos,-0.0
1720,4,67,General Lagos,-0.0
1721,4,68,General Lagos,-0.0
1722,4,69,General Lagos,-0.0
1723,4,70,General Lagos,-0.0
1724,4,71,General Lagos,-0.0
1725,4,72,General Lagos,-0.0
1726,4,73,General Lagos,-0.0
1727,4,74,General Lagos,-0.0
1728,4,75,General Lagos,-0.0
1729,4,76,General Lagos,-0.0
1730,4,77,General Lagos,-0.0
1731,4,78,General Lagos,-0.0
1732,4,79,General Lagos,-0.0
1733,4,80,General Lagos,-0.0
1734,4,81,General Lagos,-0.0
1735,4,82,General Lagos,-0.0
1736,4,83,General Lagos,-0.0
1737,4,84,General Lagos,-0.0
1738,4,85,General Lagos,-0.0
1739,4,86,General Lagos,-0.0
1740,5,0,Arica,1.0
1741,5,1,Arica,0.0
1742,5,2,Arica,1.0
1743,5,3,Arica,1.0
1744,5,4,Arica,1.0
1745,5,5,Arica,1.0
1746,5,6,Arica,1.0
1747,5,7,Arica,1.0
1748,5,8,Arica,1.0
1749,5,9,Arica,1.0
1750,5,10,Arica,1.0
1751,5,11,Arica,1.0
1752,5,12,Arica,1.0
1753,5,13,Arica,1.0
1754,5,14,Arica,1.0
1755,5,15,Arica,1.0
1756,5,16,Arica,1.0
1757,5,17,Arica,1.0
1758,5,18,Arica,1.0
1759,5,19,Arica,1.0
1760,5,20,Arica,1.0
1761,5,21,Arica,1.0
1762,5,22,Arica,1.0
1763,5,23,Arica,1.0
1764,5,24,Arica,1.0
1765,5,25,Arica,1.0
1766,5,26,Arica,1.0
1767,5,27,Arica,1.0
1768,5,28,Arica,1.0
1769,5,29,Arica,1.0
1770,5,30,Arica,1.0
1771,5,31,Arica,1.0
1772,5,32,Arica,1.0
1773,5,33,Arica,1.0
1774,5,34,Arica,1.0
1775,5,35,Arica,1.0
1776,5,36,Arica,1.0
1777,5,37,Arica,1.0
1778,5,38,Arica,1.0
1779,5,39,Arica,1.0
1780,5,40,Arica,1.0
1781,5,41,Arica,1.0
1782,5,42,Arica,1.0
1783,5,43,Arica,1.0
1784,5,44,Arica,1.0
1785,5,45,Arica,1.0
1786,5,46,Arica,1.0
1787,5,47,Arica,1.0
1788,5,48,Arica,1.0
1789,5,49,Arica,1.0
1790,5,50,Arica,1.0
1791,5,51,Arica,1.0
1792,5,52,Arica,1.0
1793,5,53,Arica,1.0
1794,5,54,Arica,1.0
1795,5,55,Arica,1.0
1796,5,56,Arica,1.0
1797,5,57,Arica,1.0
1798,5,58,Arica,1.0
1799,5,59,Arica,1.0
1800,5,60,Arica,1.0
1801,5,61,Arica,1.0
1802,5,62,Arica,1.0
1803,5,63,Arica,1.0
1804,5,64,Arica,1.0
1805,5,65,Arica,1.0
1806,5,66,Arica,1.0
1807,5,67,Arica,1.0
1808,5,68,Arica,1.0
1809,5,69,Arica,1.0
1810,5,70,Arica,1.0
1811,5,71,Arica,1.0
1812,5,72,Arica,1.0
1813,5,73,Arica,1.0
1814,5,74,Arica,1.0
1815,5,75,Arica,1.0
1816,5,76,Arica,1.0
1817,5,77,Arica,1.0
1818,5,78,Arica,1.0
1819,5,79,Arica,1.0
1820,5,80,Arica,1.0
1821,5,81,Arica,1.0
1822,5,82,Arica,1.0
1823,5,83,Arica,1.0
1824,5,84,Arica,1.0
1825,5,85,Arica,1.0
1826,5,86,Arica,1.0
1827,5,0,Camarones,-0.0
1828,5,1,Camarones,-0.0
1829,5,2,Camarones,-0.0
1830,5,3,Camarones,-0.0
1831,5,4,Camarones,0.0
1832,5,5,Camarones,-0.0
1833,5,6,Camarones,-0.0
1834,5,7,Camarones,-0.0
1835,5,8,Camarones,-0.0
1836,5,9,Camarones,-0.0
1837,5,10,Camarones,-0.0
1838,5,11,Camarones,-0.0
1839,5,12,Camarones,-0.0
1840,5,13,Camarones,-0.0
1841,5,14,Camarones,-0.0
1842,5,15,Camarones,-0.0
1843,5,16,Camarones,-0.0
1844,5,17,Camarones,-0.0
1845,5,18,Camarones,-0.0
1846,5,19,Camarones,-0.0
1847,5,20,Camarones,-0.0
1848,5,21,Camarones,-0.0
1849,5,22,Camarones,-0.0
1850,5,23,Camarones,-0.0
1851,5,24,Camarones,-0.0
1852,5,25,Camarones,-0.0
1853,5,26,Camarones,-0.0
1854,5,27,Camarones,-0.0
1855,5,28,Camarones,-0.0
1856,5,29,Camarones,-0.0
1857,5,30,Camarones,-0.0
1858,5,31,Camarones,-0.0
1859,5,32,Camarones,-0.0
1860,5,33,Camarones,-0.0
1861,5,34,Camarones,-0.0
1862,5,35,Camarones,-0.0
1863,5,36,Camarones,-0.0
1864,5,37,Camarones,-0.0
1865,5,38,Camarones,-0.0
1866,5,39,Camarones,-0.0
1867,5,40,Camarones,-0.0
1868,5,41,Camarones,-0.0
1869,5,42,Camarones,-0.0
1870,5,43,Camarones,-0.0
1871,5,44,Camarones,-0.0
1872,5,45,Camarones,-0.0
1873,5,46,Camarones,-0.0
1874,5,47,Camarones,-0.0
1875,5,48,Camarones,-0.0
1876,5,49,Camarones,-0.0
1877,5,50,Camarones,-0.0
1878,5,51,Camarones,-0.0
1879,5,52,Camarones,-0.0
1880,5,53,Camarones,-0.0
1881,5,54,Camarones,-0.0
1882,5,55,Camarones,-0.0
1883,5,56,Camarones,-0.0
1884,5,57,Camarones,-0.0
1885,5,58,Camarones,-0.0
1886,5,59,Camarones,-0.0
1887,5,60,Camarones,0.0
1888,5,61,Camarones,-0.0
1889,5,62,Camarones,-0.0
1890,5,63,Camarones,-0.0
1891,5,64,Camarones,-0.0
1892,5,65,Camarones,-0.0
1893,5,66,Camarones,-0.0
1894,5,67,Camarones,-0.0
1895,5,68,Camarones,-0.0
1896,5,69,Camarones,-0.0
1897,5,70,Camarones,-0.0
1898,5,71,Camarones,-0.0
1899,5,72,Camarones,-0.0
1900,5,73,Camarones,-0.0
1901,5,74,Camarones,-0.0
1902,5,75,Camarones,-0.0
1903,5,76,Camarones,-0.0
1904,5,77,Camarones,-0.0
1905,5,78,Camarones,-0.0
1906,5,79,Camarones,-0.0
1907,5,80,Camarones,-0.0
1908,5,81,Camarones,-0.0
1909,5,82,Camarones,-0.0
1910,5,83,Camarones,-0.0
1911,5,84,Camarones,-0.0
1912,5,85,Camarones,-0.0
1913,5,86,Camarones,-0.0
1914,5,0,Putre,-0.0
1915,5,1,Putre,1.0
1916,5,2,Putre,-0.0
1917,5,3,Putre,-0.0
1918,5,4,Putre,0.0
1919,5,5,Putre,-0.0
1920,5,6,Putre,-0.0
1921,5,7,Putre,-0.0
1922,5,8,Putre,-0.0
1923,5,9,Putre,-0.0
1924,5,10,Putre,-0.0
1925,5,11,Putre,-0.0
1926,5,12,Putre,-0.0
1927,5,13,Putre,-0.0
1928,5,14,Putre,-0.0
1929,5,15,Putre,-0.0
1930,5,16,Putre,-0.0
1931,5,17,Putre,-0.0
1932,5,18,Putre,0.0
1933,5,19,Putre,-0.0
1934,5,20,Putre,-0.0
1935,5,21,Putre,-0.0
1936,5,22,Putre,-0.0
1937,5,23,Putre,-0.0
1938,5,24,Putre,-0.0
1939,5,25,Putre,-0.0
1940,5,26,Putre,-0.0
1941,5,27,Putre,-0.0
1942,5,28,Putre,-0.0
1943,5,29,Putre,-0.0
1944,5,30,Putre,-0.0
1945,5,31,Putre,-0.0
1946,5,32,Putre,-0.0
1947,5,33,Putre,-0.0
1948,5,34,Putre,-0.0
1949,5,35,Putre,-0.0
1950,5,36,Putre,0.0
1951,5,37,Putre,-0.0
1952,5,38,Putre,-0.0
1953,5,39,Putre,-0.0
1954,5,40,Putre,-0.0
1955,5,41,Putre,-0.0
1956,5,42,Putre,-0.0
1957,5,43,Putre,-0.0
1958,5,44,Putre,-0.0
1959,5,45,Putre,-0.0
1960,5,46,Putre,-0.0
1961,5,47,Putre,-0.0
1962,5,48,Putre,-0.0
1963,5,49,Putre,-0.0
1964,5,50,Putre,-0.0
1965,5,51,Putre,-0.0
1966,5,52,Putre,-0.0
1967,5,53,Putre,-0.0
1968,5,54,Putre,-0.0
1969,5,55,Putre,-0.0
1970,5,56,Putre,-0.0
1971,5,57,Putre,-0.0
1972,5,58,Putre,-0.0
1973,5,59,Putre,-0.0
1974,5,60,Putre,-0.0
1975,5,61,Putre,-0.0
1976,5,62,Putre,-0.0
1977,5,63,Putre,-0.0
1978,5,64,Putre,-0.0
1979,5,65,Putre,-0.0
1980,5,66,Putre,-0.0
1981,5,67,Putre,-0.0
1982,5,68,Putre,-0.0
1983,5,69,Putre,-0.0
1984,5,70,Putre,-0.0
1985,5,71,Putre,-0.0
1986,5,72,Putre,-0.0
1987,5,73,Putre,-0.0
1988,5,74,Putre,-0.0
1989,5,75,Putre,-0.0
1990,5,76,Putre,-0.0
1991,5,77,Putre,-0.0
1992,5,78,Putre,-0.0
1993,5,79,Putre,-0.0
1994,5,80,Putre,-0.0
1995,5,81,Putre,-0.0
1996,5,82,Putre,-0.0
1997,5,83,Putre,-0.0
1998,5,84,Putre,-0.0
1999,5,85,Putre,-0.0
2000,5,86,Putre,-0.0
2001,5,0,General Lagos,-0.0
2002,5,1,General Lagos,0.0
2003,5,2,General Lagos,-0.0
2004,5,3,General Lagos,-0.0
2005,5,4,General Lagos,-0.0
2006,5,5,General Lagos,-0.0
2007,5,6,General Lagos,-0.0
2008,5,7,General Lagos,-0.0
2009,5,8,General Lagos,-0.0
2010,5,9,General Lagos,-0.0
2011,5,10,General Lagos,-0.0
2012,5,11,General Lagos,-0.0
2013,5,12,General Lagos,-0.0
2014,5,13,General Lagos,-0.0
2015,5,14,General Lagos,-0.0
2016,5,15,General Lagos,-0.0
2017,5,16,General Lagos,-0.0
2018,5,17,General Lagos,-0.0
2019,5,18,General Lagos,-0.0
2020,5,19,General Lagos,-0.0
2021,5,20,General Lagos,-0.0
2022,5,21,General Lagos,-0.0
2023,5,22,General Lagos,-0.0
2024,5,23,General Lagos,-0.0
2025,5,24,General Lagos,-0.0
2026,5,25,General Lagos,-0.0
2027,5,26,General Lagos,-0.0
2028,5,27,General Lagos,-0.0
2029,5,28,General Lagos,-0.0
2030,5,29,General Lagos,-0.0
2031,5,30,General Lagos,-0.0
2032,5,31,General Lagos,-0.0
2033,5,32,General Lagos,-0.0
2034,5,33,General Lagos,-0.0
2035,5,34,General Lagos,-0.0
2036,5,35,General Lagos,0.0
2037,5,36,General Lagos,-0.0
2038,5,37,General Lagos,-0.0
2039,5,38,General Lagos,-0.0
2040,5,39,General Lagos,-0.0
2041,5,40,General Lagos,-0.0
2042,5,41,General Lagos,-0.0
2043,5,42,General Lagos,-0.0
2044,5,43,General Lagos,-0.0
2045,5,44,General Lagos,-0.0
2046,5,45,General Lagos,-0.0
2047,5,46,General Lagos,-0.0
2048,5,47,General Lagos,-0.0
2049,5,48,General Lagos,-0.0
2050,5,49,General Lagos,-0.0
2051,5,50,General Lagos,-0.0
2052,5,51,General Lagos,-0.0
2053,5,52,General Lagos,-0.0
2054,5,53,General Lagos,-0.0
2055,5,54,General Lagos,-0.0
2056,5,55,General Lagos,-0.0
2057,5,56,General Lagos,-0.0
2058,5,57,General Lagos,-0.0
2059,5,58,General Lagos,-0.0
2060,5,59,General Lagos,-0.0
2061,5,60,General Lagos,-0.0
2062,5,61,General Lagos,-0.0
2063,5,62,General Lagos,-0.0
2064,5,63,General Lagos,-0.0
2065,5,64,General Lagos,-0.0
2066,5,65,General Lagos,-0.0
2067,5,66,General Lagos,-0.0
2068,5,67,General Lagos,-0.0
2069,5,68,General Lagos,-0.0
2070,5,69,General Lagos,-0.0
2071,5,70,General Lagos,-0.0
2072,5,71,General Lagos,-0.0
2073,5,72,General Lagos,-0.0
2074,5,73,General Lagos,-0.0
2075,5,74,General Lagos,-0.0
2076,5,75,General Lagos,-0.0
2077,5,76,General Lagos,-0.0
2078,5,77,General Lagos,-0.0
2079,5,78,General Lagos,-0.0
2080,5,79,General Lagos,-0.0
2081,5,80,General Lagos,-0.0
2082,5,81,General Lagos,-0.0
2083,5,82,General Lagos,-0.0
2084,5,83,General Lagos,-0.0
2085,5,84,General Lagos,-0.0
2086,5,85,General Lagos,-0.0
2087,5,86,General Lagos,-0.0
