,dia,comuna,value
0,0,Arica,-0.0
1,1,Arica,2400.0
2,2,Arica,-0.0
3,3,Arica,2400.0
4,4,Arica,1600.0
5,5,Arica,2400.0
6,6,Arica,2000.0
7,7,Arica,2400.0
8,8,Arica,2400.0
9,9,Arica,2400.0
10,10,Arica,2400.0
11,11,Arica,2400.0
12,12,Arica,2400.0
13,13,Arica,2000.0
14,14,Arica,2400.0
15,15,Arica,2000.0
16,16,Arica,2000.0
17,17,Arica,1200.0
18,18,Arica,1600.0
19,19,Arica,800.0
20,20,Arica,2400.0
21,21,Arica,2400.0
22,22,Arica,2000.0
23,23,Arica,2400.0
24,24,Arica,2000.0
25,25,Arica,2400.0
26,26,Arica,1600.0
27,27,Arica,2000.0
28,28,Arica,2400.0
29,29,Arica,2400.0
30,30,Arica,2000.0
31,31,Arica,2000.0
32,32,Arica,2400.0
33,33,Arica,2400.0
34,34,Arica,2400.0
35,35,Arica,2400.0
36,36,Arica,2400.0
37,37,Arica,1600.0
38,38,Arica,2400.0
39,39,Arica,1600.0
40,40,Arica,2400.0
41,41,Arica,2400.0
42,42,Arica,2400.0
43,43,Arica,2400.0
44,44,Arica,2000.0
45,45,Arica,2400.0
46,46,Arica,2400.0
47,47,Arica,2000.0
48,48,Arica,2400.0
49,49,Arica,1600.0
50,50,Arica,2400.0
51,51,Arica,2400.0
52,52,Arica,2400.0
53,53,Arica,2400.0
54,54,Arica,2400.0
55,55,Arica,2400.0
56,56,Arica,2400.0
57,57,Arica,2400.0
58,58,Arica,2400.0
59,59,Arica,2000.0
60,60,Arica,2400.0
61,61,Arica,2400.0
62,62,Arica,2400.0
63,63,Arica,2400.0
64,64,Arica,2400.0
65,65,Arica,1187.0
66,66,Arica,2400.0
67,67,Arica,2400.0
68,68,Arica,2400.0
69,69,Arica,2400.0
70,70,Arica,2400.0
71,71,Arica,2400.0
72,72,Arica,2400.0
73,73,Arica,2000.0
74,74,Arica,2000.0
75,75,Arica,2400.0
76,76,Arica,2000.0
77,77,Arica,2400.0
78,78,Arica,2400.0
79,79,Arica,2400.0
80,80,Arica,2000.0
81,81,Arica,2400.0
82,82,Arica,2000.0
83,83,Arica,2400.0
84,84,Arica,2400.0
85,85,Arica,2400.0
86,86,Arica,2400.0
87,87,Arica,2400.0
88,88,Arica,2000.0
89,89,Arica,2400.0
90,90,Arica,1600.0
91,91,Arica,2400.0
92,92,Arica,2400.0
93,93,Arica,2400.0
94,94,Arica,2400.0
95,95,Arica,2000.0
96,96,Arica,2400.0
97,97,Arica,2000.0
98,98,Arica,2000.0
99,99,Arica,2400.0
100,100,Arica,2000.0
101,101,Arica,2400.0
102,102,Arica,2400.0
103,103,Arica,2400.0
104,104,Arica,2400.0
105,105,Arica,2400.0
106,106,Arica,2400.0
107,107,Arica,2400.0
108,108,Arica,2000.0
109,109,Arica,2000.0
110,110,Arica,835.0
111,111,Arica,2400.0
112,112,Arica,2400.0
113,0,Camarones,-0.0
114,1,Camarones,-0.0
115,2,Camarones,-0.0
116,3,Camarones,-0.0
117,4,Camarones,-0.0
118,5,Camarones,-0.0
119,6,Camarones,-0.0
120,7,Camarones,-0.0
121,8,Camarones,-0.0
122,9,Camarones,-0.0
123,10,Camarones,-0.0
124,11,Camarones,-0.0
125,12,Camarones,-0.0
126,13,Camarones,-0.0
127,14,Camarones,-0.0
128,15,Camarones,319.0
129,16,Camarones,-0.0
130,17,Camarones,-0.0
131,18,Camarones,-0.0
132,19,Camarones,383.0
133,20,Camarones,-0.0
134,21,Camarones,-0.0
135,22,Camarones,-0.0
136,23,Camarones,-0.0
137,24,Camarones,-0.0
138,25,Camarones,-0.0
139,26,Camarones,-0.0
140,27,Camarones,-0.0
141,28,Camarones,-0.0
142,29,Camarones,-0.0
143,30,Camarones,-0.0
144,31,Camarones,-0.0
145,32,Camarones,-0.0
146,33,Camarones,-0.0
147,34,Camarones,-0.0
148,35,Camarones,-0.0
149,36,Camarones,-0.0
150,37,Camarones,-0.0
151,38,Camarones,-0.0
152,39,Camarones,-0.0
153,40,Camarones,-0.0
154,41,Camarones,-0.0
155,42,Camarones,-0.0
156,43,Camarones,-0.0
157,44,Camarones,-0.0
158,45,Camarones,-0.0
159,46,Camarones,-0.0
160,47,Camarones,-0.0
161,48,Camarones,-0.0
162,49,Camarones,-0.0
163,50,Camarones,-0.0
164,51,Camarones,-0.0
165,52,Camarones,-0.0
166,53,Camarones,-0.0
167,54,Camarones,-0.0
168,55,Camarones,-0.0
169,56,Camarones,-0.0
170,57,Camarones,-0.0
171,58,Camarones,-0.0
172,59,Camarones,-0.0
173,60,Camarones,-0.0
174,61,Camarones,-0.0
175,62,Camarones,-0.0
176,63,Camarones,-0.0
177,64,Camarones,-0.0
178,65,Camarones,-0.0
179,66,Camarones,-0.0
180,67,Camarones,-0.0
181,68,Camarones,-0.0
182,69,Camarones,-0.0
183,70,Camarones,-0.0
184,71,Camarones,-0.0
185,72,Camarones,-0.0
186,73,Camarones,381.0
187,74,Camarones,-0.0
188,75,Camarones,-0.0
189,76,Camarones,-0.0
190,77,Camarones,-0.0
191,78,Camarones,-0.0
192,79,Camarones,-0.0
193,80,Camarones,-0.0
194,81,Camarones,-0.0
195,82,Camarones,-0.0
196,83,Camarones,-0.0
197,84,Camarones,-0.0
198,85,Camarones,-0.0
199,86,Camarones,-0.0
200,87,Camarones,-0.0
201,88,Camarones,98.0
202,89,Camarones,-0.0
203,90,Camarones,-0.0
204,91,Camarones,-0.0
205,92,Camarones,-0.0
206,93,Camarones,-0.0
207,94,Camarones,-0.0
208,95,Camarones,-0.0
209,96,Camarones,-0.0
210,97,Camarones,-0.0
211,98,Camarones,-0.0
212,99,Camarones,-0.0
213,100,Camarones,75.0
214,101,Camarones,-0.0
215,102,Camarones,-0.0
216,103,Camarones,-0.0
217,104,Camarones,-0.0
218,105,Camarones,-0.0
219,106,Camarones,-0.0
220,107,Camarones,-0.0
221,108,Camarones,-0.0
222,109,Camarones,-0.0
223,110,Camarones,-0.0
224,111,Camarones,-0.0
225,112,Camarones,-0.0
226,0,Putre,-0.0
227,1,Putre,-0.0
228,2,Putre,751.0
229,3,Putre,-0.0
230,4,Putre,46.0
231,5,Putre,-0.0
232,6,Putre,-0.0
233,7,Putre,-0.0
234,8,Putre,-0.0
235,9,Putre,-0.0
236,10,Putre,-0.0
237,11,Putre,-0.0
238,12,Putre,-0.0
239,13,Putre,-0.0
240,14,Putre,-0.0
241,15,Putre,-0.0
242,16,Putre,-0.0
243,17,Putre,1200.0
244,18,Putre,-0.0
245,19,Putre,-0.0
246,20,Putre,-0.0
247,21,Putre,-0.0
248,22,Putre,-0.0
249,23,Putre,-0.0
250,24,Putre,-0.0
251,25,Putre,-0.0
252,26,Putre,-0.0
253,27,Putre,-0.0
254,28,Putre,-0.0
255,29,Putre,-0.0
256,30,Putre,-0.0
257,31,Putre,-0.0
258,32,Putre,-0.0
259,33,Putre,-0.0
260,34,Putre,-0.0
261,35,Putre,-0.0
262,36,Putre,-0.0
263,37,Putre,-0.0
264,38,Putre,-0.0
265,39,Putre,-0.0
266,40,Putre,-0.0
267,41,Putre,-0.0
268,42,Putre,-0.0
269,43,Putre,-0.0
270,44,Putre,-0.0
271,45,Putre,-0.0
272,46,Putre,-0.0
273,47,Putre,-0.0
274,48,Putre,-0.0
275,49,Putre,-0.0
276,50,Putre,-0.0
277,51,Putre,-0.0
278,52,Putre,-0.0
279,53,Putre,-0.0
280,54,Putre,-0.0
281,55,Putre,-0.0
282,56,Putre,-0.0
283,57,Putre,-0.0
284,58,Putre,-0.0
285,59,Putre,-0.0
286,60,Putre,-0.0
287,61,Putre,-0.0
288,62,Putre,-0.0
289,63,Putre,-0.0
290,64,Putre,-0.0
291,65,Putre,1200.0
292,66,Putre,-0.0
293,67,Putre,-0.0
294,68,Putre,-0.0
295,69,Putre,-0.0
296,70,Putre,-0.0
297,71,Putre,-0.0
298,72,Putre,-0.0
299,73,Putre,-0.0
300,74,Putre,-0.0
301,75,Putre,-0.0
302,76,Putre,-0.0
303,77,Putre,-0.0
304,78,Putre,-0.0
305,79,Putre,-0.0
306,80,Putre,-0.0
307,81,Putre,-0.0
308,82,Putre,-0.0
309,83,Putre,-0.0
310,84,Putre,-0.0
311,85,Putre,-0.0
312,86,Putre,-0.0
313,87,Putre,-0.0
314,88,Putre,-0.0
315,89,Putre,-0.0
316,90,Putre,-0.0
317,91,Putre,-0.0
318,92,Putre,-0.0
319,93,Putre,-0.0
320,94,Putre,-0.0
321,95,Putre,-0.0
322,96,Putre,-0.0
323,97,Putre,-0.0
324,98,Putre,-0.0
325,99,Putre,-0.0
326,100,Putre,-0.0
327,101,Putre,-0.0
328,102,Putre,-0.0
329,103,Putre,-0.0
330,104,Putre,-0.0
331,105,Putre,-0.0
332,106,Putre,-0.0
333,107,Putre,-0.0
334,108,Putre,-0.0
335,109,Putre,-0.0
336,110,Putre,-0.0
337,111,Putre,-0.0
338,112,Putre,-0.0
339,0,General Lagos,499.0
340,1,General Lagos,-0.0
341,2,General Lagos,-0.0
342,3,General Lagos,-0.0
343,4,General Lagos,-0.0
344,5,General Lagos,-0.0
345,6,General Lagos,-0.0
346,7,General Lagos,-0.0
347,8,General Lagos,-0.0
348,9,General Lagos,-0.0
349,10,General Lagos,-0.0
350,11,General Lagos,-0.0
351,12,General Lagos,-0.0
352,13,General Lagos,-0.0
353,14,General Lagos,-0.0
354,15,General Lagos,-0.0
355,16,General Lagos,-0.0
356,17,General Lagos,-0.0
357,18,General Lagos,-0.0
358,19,General Lagos,318.0
359,20,General Lagos,-0.0
360,21,General Lagos,-0.0
361,22,General Lagos,-0.0
362,23,General Lagos,-0.0
363,24,General Lagos,-0.0
364,25,General Lagos,-0.0
365,26,General Lagos,-0.0
366,27,General Lagos,-0.0
367,28,General Lagos,-0.0
368,29,General Lagos,-0.0
369,30,General Lagos,-0.0
370,31,General Lagos,-0.0
371,32,General Lagos,-0.0
372,33,General Lagos,-0.0
373,34,General Lagos,-0.0
374,35,General Lagos,-0.0
375,36,General Lagos,-0.0
376,37,General Lagos,-0.0
377,38,General Lagos,-0.0
378,39,General Lagos,-0.0
379,40,General Lagos,-0.0
380,41,General Lagos,-0.0
381,42,General Lagos,-0.0
382,43,General Lagos,-0.0
383,44,General Lagos,-0.0
384,45,General Lagos,-0.0
385,46,General Lagos,-0.0
386,47,General Lagos,-0.0
387,48,General Lagos,-0.0
388,49,General Lagos,-0.0
389,50,General Lagos,-0.0
390,51,General Lagos,-0.0
391,52,General Lagos,-0.0
392,53,General Lagos,-0.0
393,54,General Lagos,-0.0
394,55,General Lagos,-0.0
395,56,General Lagos,-0.0
396,57,General Lagos,-0.0
397,58,General Lagos,-0.0
398,59,General Lagos,-0.0
399,60,General Lagos,-0.0
400,61,General Lagos,-0.0
401,62,General Lagos,-0.0
402,63,General Lagos,-0.0
403,64,General Lagos,-0.0
404,65,General Lagos,-0.0
405,66,General Lagos,-0.0
406,67,General Lagos,-0.0
407,68,General Lagos,-0.0
408,69,General Lagos,-0.0
409,70,General Lagos,-0.0
410,71,General Lagos,-0.0
411,72,General Lagos,-0.0
412,73,General Lagos,-0.0
413,74,General Lagos,258.0
414,75,General Lagos,-0.0
415,76,General Lagos,-0.0
416,77,General Lagos,-0.0
417,78,General Lagos,-0.0
418,79,General Lagos,-0.0
419,80,General Lagos,-0.0
420,81,General Lagos,-0.0
421,82,General Lagos,-0.0
422,83,General Lagos,-0.0
423,84,General Lagos,-0.0
424,85,General Lagos,-0.0
425,86,General Lagos,-0.0
426,87,General Lagos,-0.0
427,88,General Lagos,-0.0
428,89,General Lagos,-0.0
429,90,General Lagos,-0.0
430,91,General Lagos,-0.0
431,92,General Lagos,-0.0
432,93,General Lagos,-0.0
433,94,General Lagos,-0.0
434,95,General Lagos,112.0
435,96,General Lagos,-0.0
436,97,General Lagos,-0.0
437,98,General Lagos,-0.0
438,99,General Lagos,-0.0
439,100,General Lagos,-0.0
440,101,General Lagos,-0.0
441,102,General Lagos,-0.0
442,103,General Lagos,-0.0
443,104,General Lagos,-0.0
444,105,General Lagos,-0.0
445,106,General Lagos,-0.0
446,107,General Lagos,-0.0
447,108,General Lagos,-0.0
448,109,General Lagos,-0.0
449,110,General Lagos,17.0
450,111,General Lagos,-0.0
451,112,General Lagos,-0.0
