,dia,comuna,value
0,0,Arica,1200.0
1,1,Arica,-0.0
2,2,Arica,2400.0
3,3,Arica,2400.0
4,4,Arica,2400.0
5,5,Arica,2400.0
6,6,Arica,2400.0
7,7,Arica,2400.0
8,8,Arica,2400.0
9,9,Arica,2400.0
10,10,Arica,2400.0
11,11,Arica,2400.0
12,12,Arica,2400.0
13,13,Arica,2400.0
14,14,Arica,2400.0
15,15,Arica,2400.0
16,16,Arica,2400.0
17,17,Arica,2400.0
18,18,Arica,1600.0
19,19,Arica,2400.0
20,20,Arica,2400.0
21,21,Arica,2400.0
22,22,Arica,2400.0
23,23,Arica,2400.0
24,24,Arica,2400.0
25,25,Arica,2400.0
26,26,Arica,2400.0
27,27,Arica,2400.0
28,28,Arica,2400.0
29,29,Arica,2400.0
30,30,Arica,2400.0
31,31,Arica,2400.0
32,32,Arica,2400.0
33,33,Arica,2400.0
34,34,Arica,2400.0
35,35,Arica,2400.0
36,36,Arica,2000.0
37,37,Arica,2400.0
38,38,Arica,1600.0
39,39,Arica,2400.0
40,40,Arica,2400.0
41,41,Arica,2400.0
42,42,Arica,2400.0
43,43,Arica,2400.0
44,44,Arica,2400.0
45,45,Arica,2400.0
46,46,Arica,2400.0
47,47,Arica,2400.0
48,48,Arica,2400.0
49,49,Arica,2400.0
50,50,Arica,2400.0
51,51,Arica,2400.0
52,52,Arica,2400.0
53,53,Arica,2400.0
54,54,Arica,2400.0
55,55,Arica,2400.0
56,56,Arica,2400.0
57,57,Arica,2400.0
58,58,Arica,2400.0
59,59,Arica,2400.0
60,60,Arica,2400.0
61,61,Arica,2400.0
62,62,Arica,2400.0
63,63,Arica,2400.0
64,64,Arica,2400.0
65,65,Arica,2400.0
66,66,Arica,2400.0
67,67,Arica,2400.0
68,68,Arica,2400.0
69,69,Arica,2400.0
70,70,Arica,2400.0
71,71,Arica,2400.0
72,72,Arica,2400.0
73,73,Arica,2400.0
74,74,Arica,2400.0
75,75,Arica,2400.0
76,76,Arica,2400.0
77,77,Arica,2400.0
78,78,Arica,2400.0
79,79,Arica,2400.0
80,80,Arica,2400.0
81,81,Arica,2400.0
82,82,Arica,2400.0
83,83,Arica,2400.0
84,84,Arica,2400.0
85,85,Arica,2400.0
86,86,Arica,2400.0
87,0,Camarones,1200.0
88,1,Camarones,-0.0
89,2,Camarones,-0.0
90,3,Camarones,-0.0
91,4,Camarones,-0.0
92,5,Camarones,-0.0
93,6,Camarones,-0.0
94,7,Camarones,-0.0
95,8,Camarones,-0.0
96,9,Camarones,-0.0
97,10,Camarones,-0.0
98,11,Camarones,-0.0
99,12,Camarones,-0.0
100,13,Camarones,-0.0
101,14,Camarones,-0.0
102,15,Camarones,-0.0
103,16,Camarones,-0.0
104,17,Camarones,-0.0
105,18,Camarones,-0.0
106,19,Camarones,-0.0
107,20,Camarones,-0.0
108,21,Camarones,-0.0
109,22,Camarones,-0.0
110,23,Camarones,-0.0
111,24,Camarones,-0.0
112,25,Camarones,-0.0
113,26,Camarones,-0.0
114,27,Camarones,-0.0
115,28,Camarones,-0.0
116,29,Camarones,-0.0
117,30,Camarones,-0.0
118,31,Camarones,-0.0
119,32,Camarones,-0.0
120,33,Camarones,-0.0
121,34,Camarones,-0.0
122,35,Camarones,-0.0
123,36,Camarones,-0.0
124,37,Camarones,-0.0
125,38,Camarones,-0.0
126,39,Camarones,-0.0
127,40,Camarones,-0.0
128,41,Camarones,-0.0
129,42,Camarones,-0.0
130,43,Camarones,-0.0
131,44,Camarones,-0.0
132,45,Camarones,-0.0
133,46,Camarones,-0.0
134,47,Camarones,-0.0
135,48,Camarones,-0.0
136,49,Camarones,-0.0
137,50,Camarones,-0.0
138,51,Camarones,-0.0
139,52,Camarones,-0.0
140,53,Camarones,-0.0
141,54,Camarones,-0.0
142,55,Camarones,-0.0
143,56,Camarones,-0.0
144,57,Camarones,-0.0
145,58,Camarones,-0.0
146,59,Camarones,-0.0
147,60,Camarones,-0.0
148,61,Camarones,-0.0
149,62,Camarones,-0.0
150,63,Camarones,-0.0
151,64,Camarones,-0.0
152,65,Camarones,-0.0
153,66,Camarones,-0.0
154,67,Camarones,-0.0
155,68,Camarones,0.0
156,69,Camarones,-0.0
157,70,Camarones,-0.0
158,71,Camarones,-0.0
159,72,Camarones,-0.0
160,73,Camarones,-0.0
161,74,Camarones,-0.0
162,75,Camarones,-0.0
163,76,Camarones,-0.0
164,77,Camarones,-0.0
165,78,Camarones,-0.0
166,79,Camarones,-0.0
167,80,Camarones,-0.0
168,81,Camarones,-0.0
169,82,Camarones,-0.0
170,83,Camarones,-0.0
171,84,Camarones,-0.0
172,85,Camarones,-0.0
173,86,Camarones,-0.0
174,0,Putre,-0.0
175,1,Putre,2400.0
176,2,Putre,-0.0
177,3,Putre,-0.0
178,4,Putre,0.0
179,5,Putre,-0.0
180,6,Putre,-0.0
181,7,Putre,-0.0
182,8,Putre,-0.0
183,9,Putre,-0.0
184,10,Putre,-0.0
185,11,Putre,-0.0
186,12,Putre,-0.0
187,13,Putre,-0.0
188,14,Putre,-0.0
189,15,Putre,-0.0
190,16,Putre,-0.0
191,17,Putre,0.0
192,18,Putre,0.0
193,19,Putre,-0.0
194,20,Putre,-0.0
195,21,Putre,-0.0
196,22,Putre,-0.0
197,23,Putre,-0.0
198,24,Putre,-0.0
199,25,Putre,-0.0
200,26,Putre,-0.0
201,27,Putre,-0.0
202,28,Putre,-0.0
203,29,Putre,-0.0
204,30,Putre,-0.0
205,31,Putre,-0.0
206,32,Putre,-0.0
207,33,Putre,-0.0
208,34,Putre,-0.0
209,35,Putre,-0.0
210,36,Putre,0.0
211,37,Putre,-0.0
212,38,Putre,800.0
213,39,Putre,-0.0
214,40,Putre,-0.0
215,41,Putre,-0.0
216,42,Putre,-0.0
217,43,Putre,-0.0
218,44,Putre,-0.0
219,45,Putre,-0.0
220,46,Putre,-0.0
221,47,Putre,-0.0
222,48,Putre,-0.0
223,49,Putre,-0.0
224,50,Putre,-0.0
225,51,Putre,-0.0
226,52,Putre,-0.0
227,53,Putre,-0.0
228,54,Putre,-0.0
229,55,Putre,0.0
230,56,Putre,-0.0
231,57,Putre,-0.0
232,58,Putre,-0.0
233,59,Putre,-0.0
234,60,Putre,-0.0
235,61,Putre,-0.0
236,62,Putre,-0.0
237,63,Putre,-0.0
238,64,Putre,-0.0
239,65,Putre,-0.0
240,66,Putre,-0.0
241,67,Putre,-0.0
242,68,Putre,-0.0
243,69,Putre,-0.0
244,70,Putre,-0.0
245,71,Putre,-0.0
246,72,Putre,-0.0
247,73,Putre,-0.0
248,74,Putre,-0.0
249,75,Putre,-0.0
250,76,Putre,-0.0
251,77,Putre,-0.0
252,78,Putre,-0.0
253,79,Putre,-0.0
254,80,Putre,-0.0
255,81,Putre,-0.0
256,82,Putre,-0.0
257,83,Putre,-0.0
258,84,Putre,-0.0
259,85,Putre,-0.0
260,86,Putre,-0.0
261,0,General Lagos,0.0
262,1,General Lagos,-0.0
263,2,General Lagos,-0.0
264,3,General Lagos,-0.0
265,4,General Lagos,-0.0
266,5,General Lagos,-0.0
267,6,General Lagos,-0.0
268,7,General Lagos,-0.0
269,8,General Lagos,-0.0
270,9,General Lagos,-0.0
271,10,General Lagos,-0.0
272,11,General Lagos,-0.0
273,12,General Lagos,-0.0
274,13,General Lagos,-0.0
275,14,General Lagos,-0.0
276,15,General Lagos,-0.0
277,16,General Lagos,-0.0
278,17,General Lagos,-0.0
279,18,General Lagos,800.0
280,19,General Lagos,0.0
281,20,General Lagos,-0.0
282,21,General Lagos,-0.0
283,22,General Lagos,-0.0
284,23,General Lagos,-0.0
285,24,General Lagos,-0.0
286,25,General Lagos,-0.0
287,26,General Lagos,-0.0
288,27,General Lagos,-0.0
289,28,General Lagos,-0.0
290,29,General Lagos,-0.0
291,30,General Lagos,-0.0
292,31,General Lagos,-0.0
293,32,General Lagos,-0.0
294,33,General Lagos,-0.0
295,34,General Lagos,-0.0
296,35,General Lagos,-0.0
297,36,General Lagos,400.0
298,37,General Lagos,-0.0
299,38,General Lagos,-0.0
300,39,General Lagos,-0.0
301,40,General Lagos,-0.0
302,41,General Lagos,-0.0
303,42,General Lagos,-0.0
304,43,General Lagos,-0.0
305,44,General Lagos,-0.0
306,45,General Lagos,-0.0
307,46,General Lagos,-0.0
308,47,General Lagos,-0.0
309,48,General Lagos,-0.0
310,49,General Lagos,-0.0
311,50,General Lagos,-0.0
312,51,General Lagos,-0.0
313,52,General Lagos,-0.0
314,53,General Lagos,-0.0
315,54,General Lagos,-0.0
316,55,General Lagos,-0.0
317,56,General Lagos,-0.0
318,57,General Lagos,-0.0
319,58,General Lagos,-0.0
320,59,General Lagos,-0.0
321,60,General Lagos,-0.0
322,61,General Lagos,-0.0
323,62,General Lagos,-0.0
324,63,General Lagos,-0.0
325,64,General Lagos,-0.0
326,65,General Lagos,-0.0
327,66,General Lagos,-0.0
328,67,General Lagos,-0.0
329,68,General Lagos,-0.0
330,69,General Lagos,-0.0
331,70,General Lagos,-0.0
332,71,General Lagos,-0.0
333,72,General Lagos,-0.0
334,73,General Lagos,-0.0
335,74,General Lagos,0.0
336,75,General Lagos,-0.0
337,76,General Lagos,-0.0
338,77,General Lagos,-0.0
339,78,General Lagos,-0.0
340,79,General Lagos,-0.0
341,80,General Lagos,-0.0
342,81,General Lagos,-0.0
343,82,General Lagos,-0.0
344,83,General Lagos,-0.0
345,84,General Lagos,-0.0
346,85,General Lagos,-0.0
347,86,General Lagos,-0.0
