,dia,comuna,value
0,0,Arica,-0.0
1,1,Arica,1600.0
2,2,Arica,2400.0
3,3,Arica,2400.0
4,4,Arica,2400.0
5,5,Arica,2400.0
6,6,Arica,2400.0
7,7,Arica,2400.0
8,8,Arica,2400.0
9,9,Arica,2400.0
10,10,Arica,2400.0
11,11,Arica,2400.0
12,12,Arica,2000.0
13,13,Arica,2400.0
14,14,Arica,2400.0
15,15,Arica,2400.0
16,16,Arica,2400.0
17,17,Arica,800.0
18,18,Arica,2400.0
19,19,Arica,2000.0
20,20,Arica,2400.0
21,21,Arica,2400.0
22,22,Arica,2400.0
23,23,Arica,2400.0
24,24,Arica,2400.0
25,25,Arica,2400.0
26,26,Arica,2400.0
27,27,Arica,2400.0
28,28,Arica,2400.0
29,29,Arica,2400.0
30,30,Arica,2400.0
31,31,Arica,2400.0
32,32,Arica,2400.0
33,33,Arica,2400.0
34,34,Arica,2400.0
35,35,Arica,2400.0
36,36,Arica,2400.0
37,37,Arica,2400.0
38,38,Arica,2400.0
39,39,Arica,2400.0
40,40,Arica,2400.0
41,41,Arica,2400.0
42,42,Arica,2400.0
43,43,Arica,2400.0
44,44,Arica,2400.0
45,45,Arica,2400.0
46,46,Arica,2400.0
47,47,Arica,2400.0
48,48,Arica,2400.0
49,49,Arica,2400.0
50,50,Arica,2400.0
51,51,Arica,2400.0
52,52,Arica,2400.0
53,53,Arica,2400.0
54,54,Arica,2400.0
55,55,Arica,2400.0
56,56,Arica,2400.0
57,57,Arica,2400.0
58,58,Arica,2400.0
59,59,Arica,2400.0
60,60,Arica,2400.0
61,61,Arica,2400.0
62,62,Arica,2400.0
63,63,Arica,2400.0
64,64,Arica,2400.0
65,65,Arica,2400.0
66,66,Arica,2400.0
67,67,Arica,2400.0
68,68,Arica,2400.0
69,69,Arica,2400.0
70,70,Arica,2400.0
71,71,Arica,2400.0
72,72,Arica,2400.0
73,73,Arica,2400.0
74,74,Arica,2400.0
75,75,Arica,2400.0
76,76,Arica,2400.0
77,77,Arica,2400.0
78,78,Arica,2400.0
79,79,Arica,2400.0
80,80,Arica,2400.0
81,81,Arica,2400.0
82,82,Arica,2400.0
83,83,Arica,2400.0
84,84,Arica,2400.0
85,85,Arica,2400.0
86,86,Arica,2400.0
87,87,Arica,2400.0
88,88,Arica,2400.0
89,89,Arica,2400.0
90,90,Arica,2400.0
91,91,Arica,2400.0
92,92,Arica,2400.0
93,93,Arica,2400.0
94,94,Arica,2400.0
95,95,Arica,2400.0
96,96,Arica,2400.0
97,97,Arica,2400.0
98,98,Arica,2400.0
99,99,Arica,2400.0
100,100,Arica,2400.0
101,0,Camarones,1200.0
102,1,Camarones,0.0
103,2,Camarones,-0.0
104,3,Camarones,-0.0
105,4,Camarones,-0.0
106,5,Camarones,-0.0
107,6,Camarones,-0.0
108,7,Camarones,-0.0
109,8,Camarones,-0.0
110,9,Camarones,-0.0
111,10,Camarones,-0.0
112,11,Camarones,-0.0
113,12,Camarones,-0.0
114,13,Camarones,0.0
115,14,Camarones,-0.0
116,15,Camarones,-0.0
117,16,Camarones,-0.0
118,17,Camarones,0.0
119,18,Camarones,-0.0
120,19,Camarones,-0.0
121,20,Camarones,-0.0
122,21,Camarones,-0.0
123,22,Camarones,-0.0
124,23,Camarones,-0.0
125,24,Camarones,-0.0
126,25,Camarones,-0.0
127,26,Camarones,-0.0
128,27,Camarones,-0.0
129,28,Camarones,-0.0
130,29,Camarones,-0.0
131,30,Camarones,-0.0
132,31,Camarones,-0.0
133,32,Camarones,-0.0
134,33,Camarones,-0.0
135,34,Camarones,-0.0
136,35,Camarones,-0.0
137,36,Camarones,-0.0
138,37,Camarones,-0.0
139,38,Camarones,-0.0
140,39,Camarones,0.0
141,40,Camarones,-0.0
142,41,Camarones,-0.0
143,42,Camarones,-0.0
144,43,Camarones,-0.0
145,44,Camarones,-0.0
146,45,Camarones,-0.0
147,46,Camarones,-0.0
148,47,Camarones,-0.0
149,48,Camarones,-0.0
150,49,Camarones,-0.0
151,50,Camarones,-0.0
152,51,Camarones,-0.0
153,52,Camarones,-0.0
154,53,Camarones,-0.0
155,54,Camarones,-0.0
156,55,Camarones,-0.0
157,56,Camarones,-0.0
158,57,Camarones,-0.0
159,58,Camarones,0.0
160,59,Camarones,-0.0
161,60,Camarones,-0.0
162,61,Camarones,-0.0
163,62,Camarones,-0.0
164,63,Camarones,-0.0
165,64,Camarones,-0.0
166,65,Camarones,-0.0
167,66,Camarones,-0.0
168,67,Camarones,-0.0
169,68,Camarones,-0.0
170,69,Camarones,-0.0
171,70,Camarones,-0.0
172,71,Camarones,-0.0
173,72,Camarones,-0.0
174,73,Camarones,-0.0
175,74,Camarones,-0.0
176,75,Camarones,-0.0
177,76,Camarones,-0.0
178,77,Camarones,-0.0
179,78,Camarones,-0.0
180,79,Camarones,-0.0
181,80,Camarones,-0.0
182,81,Camarones,-0.0
183,82,Camarones,-0.0
184,83,Camarones,-0.0
185,84,Camarones,-0.0
186,85,Camarones,-0.0
187,86,Camarones,-0.0
188,87,Camarones,-0.0
189,88,Camarones,-0.0
190,89,Camarones,-0.0
191,90,Camarones,-0.0
192,91,Camarones,-0.0
193,92,Camarones,-0.0
194,93,Camarones,-0.0
195,94,Camarones,-0.0
196,95,Camarones,-0.0
197,96,Camarones,-0.0
198,97,Camarones,-0.0
199,98,Camarones,-0.0
200,99,Camarones,-0.0
201,100,Camarones,-0.0
202,0,Putre,800.0
203,1,Putre,800.0
204,2,Putre,-0.0
205,3,Putre,-0.0
206,4,Putre,-0.0
207,5,Putre,-0.0
208,6,Putre,-0.0
209,7,Putre,-0.0
210,8,Putre,-0.0
211,9,Putre,-0.0
212,10,Putre,-0.0
213,11,Putre,-0.0
214,12,Putre,-0.0
215,13,Putre,-0.0
216,14,Putre,-0.0
217,15,Putre,-0.0
218,16,Putre,-0.0
219,17,Putre,1600.0
220,18,Putre,-0.0
221,19,Putre,-0.0
222,20,Putre,-0.0
223,21,Putre,-0.0
224,22,Putre,-0.0
225,23,Putre,-0.0
226,24,Putre,-0.0
227,25,Putre,-0.0
228,26,Putre,-0.0
229,27,Putre,-0.0
230,28,Putre,-0.0
231,29,Putre,-0.0
232,30,Putre,-0.0
233,31,Putre,-0.0
234,32,Putre,-0.0
235,33,Putre,-0.0
236,34,Putre,-0.0
237,35,Putre,-0.0
238,36,Putre,-0.0
239,37,Putre,-0.0
240,38,Putre,-0.0
241,39,Putre,-0.0
242,40,Putre,-0.0
243,41,Putre,-0.0
244,42,Putre,-0.0
245,43,Putre,-0.0
246,44,Putre,-0.0
247,45,Putre,-0.0
248,46,Putre,-0.0
249,47,Putre,-0.0
250,48,Putre,-0.0
251,49,Putre,-0.0
252,50,Putre,-0.0
253,51,Putre,-0.0
254,52,Putre,-0.0
255,53,Putre,-0.0
256,54,Putre,-0.0
257,55,Putre,-0.0
258,56,Putre,-0.0
259,57,Putre,-0.0
260,58,Putre,0.0
261,59,Putre,-0.0
262,60,Putre,-0.0
263,61,Putre,-0.0
264,62,Putre,-0.0
265,63,Putre,-0.0
266,64,Putre,-0.0
267,65,Putre,-0.0
268,66,Putre,-0.0
269,67,Putre,-0.0
270,68,Putre,-0.0
271,69,Putre,-0.0
272,70,Putre,-0.0
273,71,Putre,-0.0
274,72,Putre,-0.0
275,73,Putre,-0.0
276,74,Putre,-0.0
277,75,Putre,-0.0
278,76,Putre,-0.0
279,77,Putre,0.0
280,78,Putre,-0.0
281,79,Putre,-0.0
282,80,Putre,-0.0
283,81,Putre,-0.0
284,82,Putre,-0.0
285,83,Putre,-0.0
286,84,Putre,-0.0
287,85,Putre,-0.0
288,86,Putre,-0.0
289,87,Putre,-0.0
290,88,Putre,-0.0
291,89,Putre,-0.0
292,90,Putre,-0.0
293,91,Putre,-0.0
294,92,Putre,-0.0
295,93,Putre,-0.0
296,94,Putre,-0.0
297,95,Putre,-0.0
298,96,Putre,-0.0
299,97,Putre,-0.0
300,98,Putre,-0.0
301,99,Putre,-0.0
302,100,Putre,-0.0
303,0,General Lagos,400.0
304,1,General Lagos,-0.0
305,2,General Lagos,-0.0
306,3,General Lagos,-0.0
307,4,General Lagos,-0.0
308,5,General Lagos,-0.0
309,6,General Lagos,-0.0
310,7,General Lagos,-0.0
311,8,General Lagos,-0.0
312,9,General Lagos,-0.0
313,10,General Lagos,-0.0
314,11,General Lagos,-0.0
315,12,General Lagos,400.0
316,13,General Lagos,-0.0
317,14,General Lagos,-0.0
318,15,General Lagos,-0.0
319,16,General Lagos,-0.0
320,17,General Lagos,0.0
321,18,General Lagos,-0.0
322,19,General Lagos,389.0
323,20,General Lagos,-0.0
324,21,General Lagos,-0.0
325,22,General Lagos,-0.0
326,23,General Lagos,-0.0
327,24,General Lagos,-0.0
328,25,General Lagos,-0.0
329,26,General Lagos,-0.0
330,27,General Lagos,-0.0
331,28,General Lagos,-0.0
332,29,General Lagos,-0.0
333,30,General Lagos,-0.0
334,31,General Lagos,-0.0
335,32,General Lagos,-0.0
336,33,General Lagos,-0.0
337,34,General Lagos,-0.0
338,35,General Lagos,-0.0
339,36,General Lagos,-0.0
340,37,General Lagos,-0.0
341,38,General Lagos,-0.0
342,39,General Lagos,-0.0
343,40,General Lagos,-0.0
344,41,General Lagos,-0.0
345,42,General Lagos,-0.0
346,43,General Lagos,-0.0
347,44,General Lagos,-0.0
348,45,General Lagos,-0.0
349,46,General Lagos,-0.0
350,47,General Lagos,-0.0
351,48,General Lagos,-0.0
352,49,General Lagos,-0.0
353,50,General Lagos,-0.0
354,51,General Lagos,-0.0
355,52,General Lagos,-0.0
356,53,General Lagos,-0.0
357,54,General Lagos,-0.0
358,55,General Lagos,-0.0
359,56,General Lagos,-0.0
360,57,General Lagos,-0.0
361,58,General Lagos,-0.0
362,59,General Lagos,-0.0
363,60,General Lagos,-0.0
364,61,General Lagos,-0.0
365,62,General Lagos,-0.0
366,63,General Lagos,-0.0
367,64,General Lagos,-0.0
368,65,General Lagos,-0.0
369,66,General Lagos,-0.0
370,67,General Lagos,-0.0
371,68,General Lagos,-0.0
372,69,General Lagos,-0.0
373,70,General Lagos,-0.0
374,71,General Lagos,-0.0
375,72,General Lagos,-0.0
376,73,General Lagos,-0.0
377,74,General Lagos,-0.0
378,75,General Lagos,-0.0
379,76,General Lagos,-0.0
380,77,General Lagos,-0.0
381,78,General Lagos,-0.0
382,79,General Lagos,-0.0
383,80,General Lagos,-0.0
384,81,General Lagos,-0.0
385,82,General Lagos,-0.0
386,83,General Lagos,-0.0
387,84,General Lagos,-0.0
388,85,General Lagos,-0.0
389,86,General Lagos,-0.0
390,87,General Lagos,-0.0
391,88,General Lagos,-0.0
392,89,General Lagos,-0.0
393,90,General Lagos,-0.0
394,91,General Lagos,-0.0
395,92,General Lagos,-0.0
396,93,General Lagos,-0.0
397,94,General Lagos,-0.0
398,95,General Lagos,-0.0
399,96,General Lagos,-0.0
400,97,General Lagos,-0.0
401,98,General Lagos,-0.0
402,99,General Lagos,-0.0
403,100,General Lagos,-0.0
