,dia,comuna,value
0,0,Arica,1200.0
1,1,Arica,2400.0
2,2,Arica,2400.0
3,3,Arica,2400.0
4,4,Arica,2000.0
5,5,Arica,2400.0
6,6,Arica,2400.0
7,7,Arica,2400.0
8,8,Arica,2400.0
9,9,Arica,2400.0
10,10,Arica,2400.0
11,11,Arica,2000.0
12,12,Arica,2400.0
13,13,Arica,2400.0
14,14,Arica,2400.0
15,15,Arica,2400.0
16,16,Arica,2400.0
17,17,Arica,2000.0
18,18,Arica,2400.0
19,19,Arica,1600.0
20,20,Arica,2400.0
21,21,Arica,2399.9999999983725
22,22,Arica,2400.0
23,23,Arica,2400.0
24,24,Arica,2400.0
25,25,Arica,2400.0
26,26,Arica,2400.0
27,27,Arica,2400.0
28,28,Arica,2400.0
29,29,Arica,2400.0
30,30,Arica,2400.0
31,31,Arica,2400.0
32,32,Arica,2400.0
33,33,Arica,2400.0
34,34,Arica,2400.0
35,35,Arica,2400.0
36,36,Arica,1600.0
37,37,Arica,2400.0
38,38,Arica,2400.0
39,39,Arica,2400.0
40,40,Arica,2400.0
41,41,Arica,2400.0
42,42,Arica,2400.0
43,43,Arica,2400.0
44,44,Arica,2000.0
45,45,Arica,2400.0
46,46,Arica,2400.0
47,47,Arica,2400.0
48,48,Arica,2400.0
49,49,Arica,2400.0
50,50,Arica,2000.0
51,51,Arica,2400.0
52,52,Arica,2400.0
53,53,Arica,2400.0
54,54,Arica,2400.0
55,55,Arica,2400.0
56,56,Arica,2400.0
57,57,Arica,2400.0
58,58,Arica,2400.0
59,59,Arica,2400.0
60,60,Arica,2400.0
61,61,Arica,2400.0
62,62,Arica,2400.0
63,63,Arica,2400.0
64,64,Arica,2400.0
65,65,Arica,2400.0
66,66,Arica,2400.0
67,67,Arica,2400.0
68,68,Arica,2400.0
69,69,Arica,2400.0
70,70,Arica,2400.0
71,71,Arica,2400.0
72,72,Arica,2400.0
73,73,Arica,2400.0
74,74,Arica,2400.0
75,75,Arica,2400.0
76,76,Arica,2400.0
77,77,Arica,2400.0
78,78,Arica,2400.0
79,79,Arica,2400.0
80,80,Arica,2400.0
81,81,Arica,2400.0
82,82,Arica,2400.0
83,0,Camarones,1200.0
84,1,Camarones,-0.0
85,2,Camarones,-0.0
86,3,Camarones,0.0
87,4,Camarones,-0.0
88,5,Camarones,0.0
89,6,Camarones,0.0
90,7,Camarones,0.0
91,8,Camarones,0.0
92,9,Camarones,0.0
93,10,Camarones,-0.0
94,11,Camarones,0.0
95,12,Camarones,0.0
96,13,Camarones,0.0
97,14,Camarones,0.0
98,15,Camarones,0.0
99,16,Camarones,-0.0
100,17,Camarones,-0.0
101,18,Camarones,0.0
102,19,Camarones,0.0
103,20,Camarones,-0.0
104,21,Camarones,-0.0
105,22,Camarones,-0.0
106,23,Camarones,0.0
107,24,Camarones,-0.0
108,25,Camarones,0.0
109,26,Camarones,0.0
110,27,Camarones,-0.0
111,28,Camarones,0.0
112,29,Camarones,0.0
113,30,Camarones,-0.0
114,31,Camarones,0.0
115,32,Camarones,0.0
116,33,Camarones,0.0
117,34,Camarones,0.0
118,35,Camarones,-0.0
119,36,Camarones,-0.0
120,37,Camarones,0.0
121,38,Camarones,0.0
122,39,Camarones,0.0
123,40,Camarones,0.0
124,41,Camarones,0.0
125,42,Camarones,0.0
126,43,Camarones,0.0
127,44,Camarones,-0.0
128,45,Camarones,0.0
129,46,Camarones,0.0
130,47,Camarones,0.0
131,48,Camarones,0.0
132,49,Camarones,0.0
133,50,Camarones,-0.0
134,51,Camarones,-0.0
135,52,Camarones,0.0
136,53,Camarones,-0.0
137,54,Camarones,-0.0
138,55,Camarones,0.0
139,56,Camarones,-0.0
140,57,Camarones,0.0
141,58,Camarones,-0.0
142,59,Camarones,0.0
143,60,Camarones,0.0
144,61,Camarones,-0.0
145,62,Camarones,-0.0
146,63,Camarones,-0.0
147,64,Camarones,0.0
148,65,Camarones,0.0
149,66,Camarones,0.0
150,67,Camarones,0.0
151,68,Camarones,0.0
152,69,Camarones,0.0
153,70,Camarones,0.0
154,71,Camarones,0.0
155,72,Camarones,-0.0
156,73,Camarones,-0.0
157,74,Camarones,0.0
158,75,Camarones,0.0
159,76,Camarones,0.0
160,77,Camarones,0.0
161,78,Camarones,-0.0
162,79,Camarones,-0.0
163,80,Camarones,-0.0
164,81,Camarones,0.0
165,82,Camarones,0.0
166,0,Putre,-0.0
167,1,Putre,-0.0
168,2,Putre,-0.0
169,3,Putre,0.0
170,4,Putre,-0.0
171,5,Putre,-0.0
172,6,Putre,-0.0
173,7,Putre,-0.0
174,8,Putre,0.0
175,9,Putre,-0.0
176,10,Putre,-0.0
177,11,Putre,400.0
178,12,Putre,0.0
179,13,Putre,0.0
180,14,Putre,-0.0
181,15,Putre,-0.0
182,16,Putre,-0.0
183,17,Putre,0.0
184,18,Putre,0.0
185,19,Putre,800.0
186,20,Putre,0.0
187,21,Putre,0.0
188,22,Putre,0.0
189,23,Putre,-0.0
190,24,Putre,-0.0
191,25,Putre,0.0
192,26,Putre,-0.0
193,27,Putre,-0.0
194,28,Putre,-0.0
195,29,Putre,-0.0
196,30,Putre,-0.0
197,31,Putre,-0.0
198,32,Putre,-0.0
199,33,Putre,-0.0
200,34,Putre,-0.0
201,35,Putre,-0.0
202,36,Putre,800.0
203,37,Putre,0.0
204,38,Putre,-0.0
205,39,Putre,0.0
206,40,Putre,0.0
207,41,Putre,-0.0
208,42,Putre,-0.0
209,43,Putre,0.0
210,44,Putre,-0.0
211,45,Putre,0.0
212,46,Putre,-0.0
213,47,Putre,0.0
214,48,Putre,-0.0
215,49,Putre,-0.0
216,50,Putre,400.0
217,51,Putre,-0.0
218,52,Putre,-0.0
219,53,Putre,0.0
220,54,Putre,0.0
221,55,Putre,0.0
222,56,Putre,0.0
223,57,Putre,0.0
224,58,Putre,0.0
225,59,Putre,-0.0
226,60,Putre,-0.0
227,61,Putre,0.0
228,62,Putre,0.0
229,63,Putre,-0.0
230,64,Putre,-0.0
231,65,Putre,-0.0
232,66,Putre,-0.0
233,67,Putre,-0.0
234,68,Putre,-0.0
235,69,Putre,-0.0
236,70,Putre,-0.0
237,71,Putre,-0.0
238,72,Putre,-0.0
239,73,Putre,0.0
240,74,Putre,-0.0
241,75,Putre,-0.0
242,76,Putre,-0.0
243,77,Putre,-0.0
244,78,Putre,0.0
245,79,Putre,0.0
246,80,Putre,0.0
247,81,Putre,0.0
248,82,Putre,0.0
249,0,General Lagos,-0.0
250,1,General Lagos,-0.0
251,2,General Lagos,0.0
252,3,General Lagos,-0.0
253,4,General Lagos,400.0
254,5,General Lagos,-0.0
255,6,General Lagos,-0.0
256,7,General Lagos,-0.0
257,8,General Lagos,-0.0
258,9,General Lagos,-0.0
259,10,General Lagos,-0.0
260,11,General Lagos,-0.0
261,12,General Lagos,-0.0
262,13,General Lagos,-0.0
263,14,General Lagos,-0.0
264,15,General Lagos,-0.0
265,16,General Lagos,0.0
266,17,General Lagos,400.0
267,18,General Lagos,-0.0
268,19,General Lagos,-0.0
269,20,General Lagos,0.0
270,21,General Lagos,1.5982356849645478e-09
271,22,General Lagos,-0.0
272,23,General Lagos,-0.0
273,24,General Lagos,0.0
274,25,General Lagos,0.0
275,26,General Lagos,0.0
276,27,General Lagos,0.0
277,28,General Lagos,-0.0
278,29,General Lagos,-0.0
279,30,General Lagos,-0.0
280,31,General Lagos,-0.0
281,32,General Lagos,-0.0
282,33,General Lagos,-0.0
283,34,General Lagos,-0.0
284,35,General Lagos,0.0
285,36,General Lagos,0.0
286,37,General Lagos,0.0
287,38,General Lagos,0.0
288,39,General Lagos,-0.0
289,40,General Lagos,-0.0
290,41,General Lagos,-0.0
291,42,General Lagos,-0.0
292,43,General Lagos,-0.0
293,44,General Lagos,400.0
294,45,General Lagos,-0.0
295,46,General Lagos,-0.0
296,47,General Lagos,-0.0
297,48,General Lagos,-0.0
298,49,General Lagos,-0.0
299,50,General Lagos,-0.0
300,51,General Lagos,-0.0
301,52,General Lagos,-0.0
302,53,General Lagos,-0.0
303,54,General Lagos,0.0
304,55,General Lagos,-0.0
305,56,General Lagos,0.0
306,57,General Lagos,-0.0
307,58,General Lagos,-0.0
308,59,General Lagos,-0.0
309,60,General Lagos,-0.0
310,61,General Lagos,0.0
311,62,General Lagos,-0.0
312,63,General Lagos,-0.0
313,64,General Lagos,-0.0
314,65,General Lagos,-0.0
315,66,General Lagos,-0.0
316,67,General Lagos,-0.0
317,68,General Lagos,-0.0
318,69,General Lagos,-0.0
319,70,General Lagos,-0.0
320,71,General Lagos,-0.0
321,72,General Lagos,-0.0
322,73,General Lagos,0.0
323,74,General Lagos,0.0
324,75,General Lagos,0.0
325,76,General Lagos,0.0
326,77,General Lagos,-0.0
327,78,General Lagos,0.0
328,79,General Lagos,0.0
329,80,General Lagos,0.0
330,81,General Lagos,0.0
331,82,General Lagos,0.0
