,comuna,dia,value
0,Valdivia,0,0.9999999999999792
1,Valdivia,1,-0.0
2,Valdivia,2,-0.0
3,Valdivia,3,-0.0
4,Valdivia,4,1.0
5,Valdivia,5,1.0
6,Valdivia,6,-0.0
7,Valdivia,7,1.0
8,Valdivia,8,1.0
9,Valdivia,9,1.0
10,Valdivia,10,1.0
11,Valdivia,11,1.0
12,Valdivia,12,1.0
13,Valdivia,13,1.0
14,Valdivia,14,1.0
15,Valdivia,15,1.0
16,Valdivia,16,1.0
17,Valdivia,17,1.0
18,Valdivia,18,1.0
19,Valdivia,19,1.0
20,Valdivia,20,1.0
21,Valdivia,21,1.0
22,Valdivia,22,1.0
23,Valdivia,23,1.0
24,Valdivia,24,1.0
25,Valdivia,25,1.0
26,Valdivia,26,1.0
27,Valdivia,27,1.0
28,Valdivia,28,1.0
29,Valdivia,29,1.0
30,Valdivia,30,1.0
31,Valdivia,31,1.0
32,Valdivia,32,1.0
33,Valdivia,33,1.0
34,Valdivia,34,1.0
35,Valdivia,35,1.0
36,Valdivia,36,1.0
37,Valdivia,37,1.0
38,Valdivia,38,1.0
39,Valdivia,39,1.0
40,Valdivia,40,1.0
41,Valdivia,41,1.0
42,Valdivia,42,1.0
43,Valdivia,43,1.0
44,Valdivia,44,1.0
45,Valdivia,45,1.0
46,Valdivia,46,1.0
47,Valdivia,47,1.0
48,Valdivia,48,1.0
49,Valdivia,49,1.0
50,Valdivia,50,1.0
51,Valdivia,51,1.0
52,Valdivia,52,1.0
53,Valdivia,53,1.0
54,Valdivia,54,1.0
55,Valdivia,55,1.0
56,Valdivia,56,1.0
57,Valdivia,57,1.0
58,Valdivia,58,1.0
59,Valdivia,59,1.0
60,Valdivia,60,1.0
61,Valdivia,61,1.0
62,Valdivia,62,1.0
63,Valdivia,63,1.0
64,Valdivia,64,1.0
65,Valdivia,65,1.0
66,Valdivia,66,1.0
67,Valdivia,67,1.0
68,Valdivia,68,1.0
69,Valdivia,69,1.0
70,Valdivia,70,1.0
71,Valdivia,71,1.0
72,Valdivia,72,1.0
73,Valdivia,73,1.0
74,Valdivia,74,1.0
75,Valdivia,75,1.0
76,Valdivia,76,1.0
77,Valdivia,77,1.0
78,Valdivia,78,1.0
79,Valdivia,79,1.0
80,Valdivia,80,1.0
81,Valdivia,81,1.0
82,Valdivia,82,1.0
83,Valdivia,83,1.0
84,Valdivia,84,1.0
85,Valdivia,85,1.0
86,Valdivia,86,1.0
87,Valdivia,87,1.0
88,Valdivia,88,1.0
89,Valdivia,89,1.0
90,Valdivia,90,1.0
91,Valdivia,91,1.0
92,Valdivia,92,1.0
93,Valdivia,93,-0.0
94,Valdivia,94,0.0
95,Valdivia,95,1.0
96,Valdivia,96,1.0
97,Valdivia,97,1.0
98,Valdivia,98,1.0
99,Valdivia,99,1.0
100,Corral,0,0.9999999999999837
101,Corral,1,-0.0
102,Corral,2,-0.0
103,Corral,3,-0.0
104,Corral,4,1.0
105,Corral,5,1.0
106,Corral,6,1.0
107,Corral,7,1.0
108,Corral,8,1.0
109,Corral,9,1.0
110,Corral,10,1.0
111,Corral,11,-0.0
112,Corral,12,-0.0
113,Corral,13,-0.0
114,Corral,14,-0.0
115,Corral,15,-0.0
116,Corral,16,-0.0
117,Corral,17,-0.0
118,Corral,18,-0.0
119,Corral,19,-0.0
120,Corral,20,-0.0
121,Corral,21,-0.0
122,Corral,22,-0.0
123,Corral,23,-0.0
124,Corral,24,-0.0
125,Corral,25,-0.0
126,Corral,26,-0.0
127,Corral,27,-0.0
128,Corral,28,-0.0
129,Corral,29,0.0
130,Corral,30,-0.0
131,Corral,31,-0.0
132,Corral,32,-0.0
133,Corral,33,-0.0
134,Corral,34,-0.0
135,Corral,35,-0.0
136,Corral,36,-0.0
137,Corral,37,-0.0
138,Corral,38,-0.0
139,Corral,39,-0.0
140,Corral,40,-0.0
141,Corral,41,-0.0
142,Corral,42,-0.0
143,Corral,43,-0.0
144,Corral,44,-0.0
145,Corral,45,-0.0
146,Corral,46,-0.0
147,Corral,47,-0.0
148,Corral,48,-0.0
149,Corral,49,0.0
150,Corral,50,0.0
151,Corral,51,-0.0
152,Corral,52,-0.0
153,Corral,53,0.0
154,Corral,54,-0.0
155,Corral,55,-0.0
156,Corral,56,-0.0
157,Corral,57,1.0
158,Corral,58,-0.0
159,Corral,59,-0.0
160,Corral,60,-0.0
161,Corral,61,-0.0
162,Corral,62,-0.0
163,Corral,63,-0.0
164,Corral,64,-0.0
165,Corral,65,-0.0
166,Corral,66,-0.0
167,Corral,67,-0.0
168,Corral,68,-0.0
169,Corral,69,-0.0
170,Corral,70,-0.0
171,Corral,71,-0.0
172,Corral,72,-0.0
173,Corral,73,-0.0
174,Corral,74,-0.0
175,Corral,75,-0.0
176,Corral,76,-0.0
177,Corral,77,-0.0
178,Corral,78,-0.0
179,Corral,79,-0.0
180,Corral,80,-0.0
181,Corral,81,-0.0
182,Corral,82,-0.0
183,Corral,83,-0.0
184,Corral,84,-0.0
185,Corral,85,-0.0
186,Corral,86,-0.0
187,Corral,87,-0.0
188,Corral,88,-0.0
189,Corral,89,-0.0
190,Corral,90,-0.0
191,Corral,91,-0.0
192,Corral,92,-0.0
193,Corral,93,-0.0
194,Corral,94,-0.0
195,Corral,95,-0.0
196,Corral,96,0.0
197,Corral,97,-0.0
198,Corral,98,-0.0
199,Corral,99,0.0
200,Lanco,0,1.0
201,Lanco,1,1.0
202,Lanco,2,1.0
203,Lanco,3,1.0
204,Lanco,4,1.0
205,Lanco,5,1.0
206,Lanco,6,1.0
207,Lanco,7,1.0
208,Lanco,8,1.0
209,Lanco,9,1.0
210,Lanco,10,1.0
211,Lanco,11,1.0
212,Lanco,12,0.0
213,Lanco,13,-0.0
214,Lanco,14,-0.0
215,Lanco,15,-0.0
216,Lanco,16,-0.0
217,Lanco,17,-0.0
218,Lanco,18,-0.0
219,Lanco,19,-0.0
220,Lanco,20,1.0
221,Lanco,21,1.0
222,Lanco,22,1.0
223,Lanco,23,1.0
224,Lanco,24,1.0
225,Lanco,25,1.0
226,Lanco,26,1.0
227,Lanco,27,1.0
228,Lanco,28,1.0
229,Lanco,29,1.0
230,Lanco,30,1.0
231,Lanco,31,1.0
232,Lanco,32,1.0
233,Lanco,33,1.0
234,Lanco,34,-0.0
235,Lanco,35,-0.0
236,Lanco,36,-0.0
237,Lanco,37,-0.0
238,Lanco,38,-0.0
239,Lanco,39,-0.0
240,Lanco,40,-0.0
241,Lanco,41,-0.0
242,Lanco,42,1.0
243,Lanco,43,1.0
244,Lanco,44,1.0
245,Lanco,45,1.0
246,Lanco,46,1.0
247,Lanco,47,1.0
248,Lanco,48,1.0
249,Lanco,49,1.0
250,Lanco,50,1.0
251,Lanco,51,1.0
252,Lanco,52,1.0
253,Lanco,53,1.0
254,Lanco,54,1.0
255,Lanco,55,1.0
256,Lanco,56,1.0
257,Lanco,57,1.0
258,Lanco,58,1.0
259,Lanco,59,1.0
260,Lanco,60,1.0
261,Lanco,61,1.0
262,Lanco,62,1.0
263,Lanco,63,1.0
264,Lanco,64,1.0
265,Lanco,65,1.0
266,Lanco,66,1.0
267,Lanco,67,-0.0
268,Lanco,68,-0.0
269,Lanco,69,-0.0
270,Lanco,70,1.0
271,Lanco,71,1.0
272,Lanco,72,0.0
273,Lanco,73,-0.0
274,Lanco,74,0.0
275,Lanco,75,-0.0
276,Lanco,76,-0.0
277,Lanco,77,-0.0
278,Lanco,78,-0.0
279,Lanco,79,-0.0
280,Lanco,80,0.0
281,Lanco,81,-0.0
282,Lanco,82,-0.0
283,Lanco,83,-0.0
284,Lanco,84,-0.0
285,Lanco,85,-0.0
286,Lanco,86,-0.0
287,Lanco,87,0.0
288,Lanco,88,-0.0
289,Lanco,89,-0.0
290,Lanco,90,-0.0
291,Lanco,91,-0.0
292,Lanco,92,-0.0
293,Lanco,93,-0.0
294,Lanco,94,-0.0
295,Lanco,95,-0.0
296,Lanco,96,-0.0
297,Lanco,97,-0.0
298,Lanco,98,-0.0
299,Lanco,99,-0.0
300,Los Lagos,0,1.0
301,Los Lagos,1,1.0
302,Los Lagos,2,1.0
303,Los Lagos,3,-0.0
304,Los Lagos,4,-0.0
305,Los Lagos,5,0.0
306,Los Lagos,6,-0.0
307,Los Lagos,7,-0.0
308,Los Lagos,8,-0.0
309,Los Lagos,9,-0.0
310,Los Lagos,10,1.0
311,Los Lagos,11,1.0
312,Los Lagos,12,1.0
313,Los Lagos,13,1.0
314,Los Lagos,14,1.0
315,Los Lagos,15,1.0
316,Los Lagos,16,1.0
317,Los Lagos,17,-0.0
318,Los Lagos,18,-0.0
319,Los Lagos,19,-0.0
320,Los Lagos,20,0.0
321,Los Lagos,21,-0.0
322,Los Lagos,22,-0.0
323,Los Lagos,23,-0.0
324,Los Lagos,24,1.0
325,Los Lagos,25,1.0
326,Los Lagos,26,1.0
327,Los Lagos,27,1.0
328,Los Lagos,28,1.0
329,Los Lagos,29,1.0
330,Los Lagos,30,1.0
331,Los Lagos,31,1.0
332,Los Lagos,32,1.0
333,Los Lagos,33,1.0
334,Los Lagos,34,1.0
335,Los Lagos,35,1.0
336,Los Lagos,36,1.0
337,Los Lagos,37,1.0
338,Los Lagos,38,1.0
339,Los Lagos,39,1.0
340,Los Lagos,40,1.0
341,Los Lagos,41,1.0
342,Los Lagos,42,1.0
343,Los Lagos,43,1.0
344,Los Lagos,44,1.0
345,Los Lagos,45,1.0
346,Los Lagos,46,1.0
347,Los Lagos,47,1.0
348,Los Lagos,48,1.0
349,Los Lagos,49,1.0
350,Los Lagos,50,1.0
351,Los Lagos,51,1.0
352,Los Lagos,52,1.0
353,Los Lagos,53,1.0
354,Los Lagos,54,1.0
355,Los Lagos,55,-0.0
356,Los Lagos,56,-0.0
357,Los Lagos,57,-0.0
358,Los Lagos,58,1.0
359,Los Lagos,59,1.0
360,Los Lagos,60,1.0
361,Los Lagos,61,1.0
362,Los Lagos,62,1.0
363,Los Lagos,63,1.0
364,Los Lagos,64,-0.0
365,Los Lagos,65,-0.0
366,Los Lagos,66,-0.0
367,Los Lagos,67,-0.0
368,Los Lagos,68,-0.0
369,Los Lagos,69,-0.0
370,Los Lagos,70,-0.0
371,Los Lagos,71,-0.0
372,Los Lagos,72,1.0
373,Los Lagos,73,1.0
374,Los Lagos,74,1.0
375,Los Lagos,75,1.0
376,Los Lagos,76,1.0
377,Los Lagos,77,1.0
378,Los Lagos,78,1.0
379,Los Lagos,79,1.0
380,Los Lagos,80,1.0
381,Los Lagos,81,1.0
382,Los Lagos,82,-0.0
383,Los Lagos,83,-0.0
384,Los Lagos,84,-0.0
385,Los Lagos,85,1.0
386,Los Lagos,86,1.0
387,Los Lagos,87,1.0
388,Los Lagos,88,1.0
389,Los Lagos,89,1.0
390,Los Lagos,90,1.0
391,Los Lagos,91,1.0
392,Los Lagos,92,1.0
393,Los Lagos,93,1.0
394,Los Lagos,94,1.0
395,Los Lagos,95,1.0
396,Los Lagos,96,-0.0
397,Los Lagos,97,-0.0
398,Los Lagos,98,-0.0
399,Los Lagos,99,1.0
400,Máfil,0,1.0
401,Máfil,1,1.0
402,Máfil,2,1.0
403,Máfil,3,1.0
404,Máfil,4,-0.0
405,Máfil,5,-0.0
406,Máfil,6,-0.0
407,Máfil,7,-0.0
408,Máfil,8,1.0
409,Máfil,9,1.0
410,Máfil,10,1.0
411,Máfil,11,1.0
412,Máfil,12,1.0
413,Máfil,13,1.0
414,Máfil,14,1.0
415,Máfil,15,1.0
416,Máfil,16,-0.0
417,Máfil,17,-0.0
418,Máfil,18,-0.0
419,Máfil,19,-0.0
420,Máfil,20,1.0
421,Máfil,21,1.0
422,Máfil,22,1.0
423,Máfil,23,-0.0
424,Máfil,24,-0.0
425,Máfil,25,-0.0
426,Máfil,26,-0.0
427,Máfil,27,-0.0
428,Máfil,28,-0.0
429,Máfil,29,0.0
430,Máfil,30,-0.0
431,Máfil,31,-0.0
432,Máfil,32,-0.0
433,Máfil,33,-0.0
434,Máfil,34,-0.0
435,Máfil,35,-0.0
436,Máfil,36,-0.0
437,Máfil,37,-0.0
438,Máfil,38,-0.0
439,Máfil,39,-0.0
440,Máfil,40,-0.0
441,Máfil,41,-0.0
442,Máfil,42,-0.0
443,Máfil,43,-0.0
444,Máfil,44,-0.0
445,Máfil,45,-0.0
446,Máfil,46,-0.0
447,Máfil,47,-0.0
448,Máfil,48,-0.0
449,Máfil,49,-0.0
450,Máfil,50,0.0
451,Máfil,51,-0.0
452,Máfil,52,0.0
453,Máfil,53,-0.0
454,Máfil,54,-0.0
455,Máfil,55,-0.0
456,Máfil,56,1.0
457,Máfil,57,1.0
458,Máfil,58,1.0
459,Máfil,59,1.0
460,Máfil,60,1.0
461,Máfil,61,-0.0
462,Máfil,62,-0.0
463,Máfil,63,-0.0
464,Máfil,64,-0.0
465,Máfil,65,-0.0
466,Máfil,66,-0.0
467,Máfil,67,-0.0
468,Máfil,68,-0.0
469,Máfil,69,-0.0
470,Máfil,70,-0.0
471,Máfil,71,-0.0
472,Máfil,72,-0.0
473,Máfil,73,-0.0
474,Máfil,74,-0.0
475,Máfil,75,-0.0
476,Máfil,76,-0.0
477,Máfil,77,-0.0
478,Máfil,78,-0.0
479,Máfil,79,-0.0
480,Máfil,80,-0.0
481,Máfil,81,-0.0
482,Máfil,82,-0.0
483,Máfil,83,-0.0
484,Máfil,84,-0.0
485,Máfil,85,-0.0
486,Máfil,86,-0.0
487,Máfil,87,-0.0
488,Máfil,88,-0.0
489,Máfil,89,0.0
490,Máfil,90,-0.0
491,Máfil,91,-0.0
492,Máfil,92,-0.0
493,Máfil,93,-0.0
494,Máfil,94,0.0
495,Máfil,95,-0.0
496,Máfil,96,-0.0
497,Máfil,97,-0.0
498,Máfil,98,-0.0
499,Máfil,99,-0.0
500,Mariquina,0,1.0
501,Mariquina,1,1.0
502,Mariquina,2,1.0
503,Mariquina,3,1.0
504,Mariquina,4,1.0
505,Mariquina,5,1.0
506,Mariquina,6,1.0
507,Mariquina,7,1.0
508,Mariquina,8,1.0
509,Mariquina,9,1.0
510,Mariquina,10,1.0
511,Mariquina,11,1.0
512,Mariquina,12,1.0
513,Mariquina,13,1.0
514,Mariquina,14,1.0
515,Mariquina,15,1.0
516,Mariquina,16,1.0
517,Mariquina,17,1.0
518,Mariquina,18,1.0
519,Mariquina,19,1.0
520,Mariquina,20,1.0
521,Mariquina,21,1.0
522,Mariquina,22,1.0
523,Mariquina,23,1.0
524,Mariquina,24,1.0
525,Mariquina,25,1.0
526,Mariquina,26,1.0
527,Mariquina,27,1.0
528,Mariquina,28,1.0
529,Mariquina,29,1.0
530,Mariquina,30,1.0
531,Mariquina,31,1.0
532,Mariquina,32,1.0
533,Mariquina,33,1.0
534,Mariquina,34,1.0
535,Mariquina,35,1.0
536,Mariquina,36,1.0
537,Mariquina,37,1.0
538,Mariquina,38,1.0
539,Mariquina,39,1.0
540,Mariquina,40,1.0
541,Mariquina,41,1.0
542,Mariquina,42,1.0
543,Mariquina,43,1.0
544,Mariquina,44,1.0
545,Mariquina,45,1.0
546,Mariquina,46,1.0
547,Mariquina,47,1.0
548,Mariquina,48,1.0
549,Mariquina,49,1.0
550,Mariquina,50,1.0
551,Mariquina,51,1.0
552,Mariquina,52,-0.0
553,Mariquina,53,-0.0
554,Mariquina,54,0.0
555,Mariquina,55,1.0
556,Mariquina,56,1.0
557,Mariquina,57,1.0
558,Mariquina,58,1.0
559,Mariquina,59,1.0
560,Mariquina,60,1.0
561,Mariquina,61,1.0
562,Mariquina,62,1.0
563,Mariquina,63,1.0
564,Mariquina,64,1.0
565,Mariquina,65,1.0
566,Mariquina,66,1.0
567,Mariquina,67,1.0
568,Mariquina,68,1.0
569,Mariquina,69,1.0
570,Mariquina,70,1.0
571,Mariquina,71,1.0
572,Mariquina,72,1.0
573,Mariquina,73,1.0
574,Mariquina,74,1.0
575,Mariquina,75,1.0
576,Mariquina,76,1.0
577,Mariquina,77,1.0
578,Mariquina,78,1.0
579,Mariquina,79,1.0
580,Mariquina,80,1.0
581,Mariquina,81,1.0
582,Mariquina,82,1.0
583,Mariquina,83,1.0
584,Mariquina,84,1.0
585,Mariquina,85,1.0
586,Mariquina,86,1.0
587,Mariquina,87,1.0
588,Mariquina,88,1.0
589,Mariquina,89,1.0
590,Mariquina,90,1.0
591,Mariquina,91,1.0
592,Mariquina,92,1.0
593,Mariquina,93,1.0
594,Mariquina,94,1.0
595,Mariquina,95,1.0
596,Mariquina,96,1.0
597,Mariquina,97,1.0
598,Mariquina,98,1.0
599,Mariquina,99,1.0
600,Paillaco,0,0.999999999999975
601,Paillaco,1,-0.0
602,Paillaco,2,-0.0
603,Paillaco,3,-0.0
604,Paillaco,4,-0.0
605,Paillaco,5,-0.0
606,Paillaco,6,-0.0
607,Paillaco,7,-0.0
608,Paillaco,8,-0.0
609,Paillaco,9,-0.0
610,Paillaco,10,-0.0
611,Paillaco,11,-0.0
612,Paillaco,12,-0.0
613,Paillaco,13,-0.0
614,Paillaco,14,-0.0
615,Paillaco,15,-0.0
616,Paillaco,16,1.0
617,Paillaco,17,1.0
618,Paillaco,18,1.0
619,Paillaco,19,1.0
620,Paillaco,20,1.0
621,Paillaco,21,0.0
622,Paillaco,22,-0.0
623,Paillaco,23,-0.0
624,Paillaco,24,-0.0
625,Paillaco,25,-0.0
626,Paillaco,26,0.0
627,Paillaco,27,-0.0
628,Paillaco,28,-0.0
629,Paillaco,29,-0.0
630,Paillaco,30,-0.0
631,Paillaco,31,-0.0
632,Paillaco,32,-0.0
633,Paillaco,33,-0.0
634,Paillaco,34,1.0
635,Paillaco,35,1.0
636,Paillaco,36,0.0
637,Paillaco,37,-0.0
638,Paillaco,38,-0.0
639,Paillaco,39,-0.0
640,Paillaco,40,-0.0
641,Paillaco,41,-0.0
642,Paillaco,42,-0.0
643,Paillaco,43,-0.0
644,Paillaco,44,-0.0
645,Paillaco,45,-0.0
646,Paillaco,46,-0.0
647,Paillaco,47,-0.0
648,Paillaco,48,0.0
649,Paillaco,49,-0.0
650,Paillaco,50,-0.0
651,Paillaco,51,-0.0
652,Paillaco,52,-0.0
653,Paillaco,53,-0.0
654,Paillaco,54,1.0
655,Paillaco,55,1.0
656,Paillaco,56,1.0
657,Paillaco,57,0.0
658,Paillaco,58,1.0
659,Paillaco,59,1.0
660,Paillaco,60,1.0
661,Paillaco,61,1.0
662,Paillaco,62,1.0
663,Paillaco,63,1.0
664,Paillaco,64,1.0
665,Paillaco,65,1.0
666,Paillaco,66,1.0
667,Paillaco,67,1.0
668,Paillaco,68,1.0
669,Paillaco,69,-0.0
670,Paillaco,70,-0.0
671,Paillaco,71,-0.0
672,Paillaco,72,-0.0
673,Paillaco,73,-0.0
674,Paillaco,74,-0.0
675,Paillaco,75,-0.0
676,Paillaco,76,-0.0
677,Paillaco,77,1.0
678,Paillaco,78,1.0
679,Paillaco,79,1.0
680,Paillaco,80,1.0
681,Paillaco,81,1.0
682,Paillaco,82,1.0
683,Paillaco,83,1.0
684,Paillaco,84,1.0
685,Paillaco,85,1.0
686,Paillaco,86,1.0
687,Paillaco,87,1.0
688,Paillaco,88,1.0
689,Paillaco,89,1.0
690,Paillaco,90,1.0
691,Paillaco,91,1.0
692,Paillaco,92,1.0
693,Paillaco,93,1.0
694,Paillaco,94,-0.0
695,Paillaco,95,-0.0
696,Paillaco,96,-0.0
697,Paillaco,97,1.0
698,Paillaco,98,1.0
699,Paillaco,99,1.0
700,Panguipulli,0,1.0
701,Panguipulli,1,1.0
702,Panguipulli,2,1.0
703,Panguipulli,3,1.0
704,Panguipulli,4,1.0
705,Panguipulli,5,1.0
706,Panguipulli,6,1.0
707,Panguipulli,7,1.0
708,Panguipulli,8,-0.0
709,Panguipulli,9,1.0
710,Panguipulli,10,1.0
711,Panguipulli,11,1.0
712,Panguipulli,12,1.0
713,Panguipulli,13,1.0
714,Panguipulli,14,1.0
715,Panguipulli,15,-0.0
716,Panguipulli,16,-0.0
717,Panguipulli,17,-0.0
718,Panguipulli,18,0.0
719,Panguipulli,19,-0.0
720,Panguipulli,20,-0.0
721,Panguipulli,21,1.0
722,Panguipulli,22,1.0
723,Panguipulli,23,1.0
724,Panguipulli,24,-0.0
725,Panguipulli,25,-0.0
726,Panguipulli,26,1.0
727,Panguipulli,27,1.0
728,Panguipulli,28,1.0
729,Panguipulli,29,1.0
730,Panguipulli,30,1.0
731,Panguipulli,31,-0.0
732,Panguipulli,32,1.0
733,Panguipulli,33,1.0
734,Panguipulli,34,1.0
735,Panguipulli,35,1.0
736,Panguipulli,36,1.0
737,Panguipulli,37,1.0
738,Panguipulli,38,1.0
739,Panguipulli,39,1.0
740,Panguipulli,40,-0.0
741,Panguipulli,41,-0.0
742,Panguipulli,42,1.0
743,Panguipulli,43,1.0
744,Panguipulli,44,-0.0
745,Panguipulli,45,-0.0
746,Panguipulli,46,-0.0
747,Panguipulli,47,-0.0
748,Panguipulli,48,-0.0
749,Panguipulli,49,-0.0
750,Panguipulli,50,-0.0
751,Panguipulli,51,-0.0
752,Panguipulli,52,0.0
753,Panguipulli,53,-0.0
754,Panguipulli,54,-0.0
755,Panguipulli,55,1.0
756,Panguipulli,56,1.0
757,Panguipulli,57,-0.0
758,Panguipulli,58,1.0
759,Panguipulli,59,1.0
760,Panguipulli,60,1.0
761,Panguipulli,61,1.0
762,Panguipulli,62,1.0
763,Panguipulli,63,1.0
764,Panguipulli,64,1.0
765,Panguipulli,65,1.0
766,Panguipulli,66,1.0
767,Panguipulli,67,1.0
768,Panguipulli,68,1.0
769,Panguipulli,69,1.0
770,Panguipulli,70,1.0
771,Panguipulli,71,1.0
772,Panguipulli,72,1.0
773,Panguipulli,73,1.0
774,Panguipulli,74,1.0
775,Panguipulli,75,1.0
776,Panguipulli,76,1.0
777,Panguipulli,77,1.0
778,Panguipulli,78,1.0
779,Panguipulli,79,1.0
780,Panguipulli,80,1.0
781,Panguipulli,81,1.0
782,Panguipulli,82,1.0
783,Panguipulli,83,1.0
784,Panguipulli,84,1.0
785,Panguipulli,85,1.0
786,Panguipulli,86,1.0
787,Panguipulli,87,1.0
788,Panguipulli,88,1.0
789,Panguipulli,89,1.0
790,Panguipulli,90,1.0
791,Panguipulli,91,1.0
792,Panguipulli,92,1.0
793,Panguipulli,93,1.0
794,Panguipulli,94,1.0
795,Panguipulli,95,1.0
796,Panguipulli,96,1.0
797,Panguipulli,97,1.0
798,Panguipulli,98,1.0
799,Panguipulli,99,1.0
800,La Unión,0,1.0
801,La Unión,1,1.0
802,La Unión,2,1.0
803,La Unión,3,1.0
804,La Unión,4,1.0
805,La Unión,5,1.0
806,La Unión,6,1.0
807,La Unión,7,-0.0
808,La Unión,8,-0.0
809,La Unión,9,-0.0
810,La Unión,10,-0.0
811,La Unión,11,1.0
812,La Unión,12,1.0
813,La Unión,13,-0.0
814,La Unión,14,-0.0
815,La Unión,15,0.0
816,La Unión,16,-0.0
817,La Unión,17,-0.0
818,La Unión,18,1.0
819,La Unión,19,-0.0
820,La Unión,20,1.0
821,La Unión,21,1.0
822,La Unión,22,1.0
823,La Unión,23,1.0
824,La Unión,24,1.0
825,La Unión,25,1.0
826,La Unión,26,1.0
827,La Unión,27,1.0
828,La Unión,28,1.0
829,La Unión,29,1.0
830,La Unión,30,1.0
831,La Unión,31,1.0
832,La Unión,32,1.0
833,La Unión,33,1.0
834,La Unión,34,1.0
835,La Unión,35,1.0
836,La Unión,36,1.0
837,La Unión,37,1.0
838,La Unión,38,1.0
839,La Unión,39,1.0
840,La Unión,40,1.0
841,La Unión,41,1.0
842,La Unión,42,1.0
843,La Unión,43,1.0
844,La Unión,44,1.0
845,La Unión,45,1.0
846,La Unión,46,1.0
847,La Unión,47,1.0
848,La Unión,48,1.0
849,La Unión,49,1.0
850,La Unión,50,1.0
851,La Unión,51,1.0
852,La Unión,52,1.0
853,La Unión,53,1.0
854,La Unión,54,1.0
855,La Unión,55,1.0
856,La Unión,56,1.0
857,La Unión,57,1.0
858,La Unión,58,1.0
859,La Unión,59,1.0
860,La Unión,60,1.0
861,La Unión,61,1.0
862,La Unión,62,1.0
863,La Unión,63,1.0
864,La Unión,64,1.0
865,La Unión,65,1.0
866,La Unión,66,1.0
867,La Unión,67,1.0
868,La Unión,68,1.0
869,La Unión,69,1.0
870,La Unión,70,1.0
871,La Unión,71,1.0
872,La Unión,72,1.0
873,La Unión,73,1.0
874,La Unión,74,1.0
875,La Unión,75,1.0
876,La Unión,76,1.0
877,La Unión,77,1.0
878,La Unión,78,1.0
879,La Unión,79,1.0
880,La Unión,80,1.0
881,La Unión,81,1.0
882,La Unión,82,1.0
883,La Unión,83,1.0
884,La Unión,84,1.0
885,La Unión,85,1.0
886,La Unión,86,1.0
887,La Unión,87,1.0
888,La Unión,88,1.0
889,La Unión,89,1.0
890,La Unión,90,1.0
891,La Unión,91,1.0
892,La Unión,92,1.0
893,La Unión,93,1.0
894,La Unión,94,1.0
895,La Unión,95,1.0
896,La Unión,96,1.0
897,La Unión,97,1.0
898,La Unión,98,1.0
899,La Unión,99,1.0
900,Futrono,0,0.9999999999999828
901,Futrono,1,-0.0
902,Futrono,2,0.0
903,Futrono,3,-0.0
904,Futrono,4,1.0
905,Futrono,5,1.0
906,Futrono,6,1.0
907,Futrono,7,1.0
908,Futrono,8,1.0
909,Futrono,9,1.0
910,Futrono,10,-0.0
911,Futrono,11,-0.0
912,Futrono,12,-0.0
913,Futrono,13,-0.0
914,Futrono,14,-0.0
915,Futrono,15,-0.0
916,Futrono,16,1.0
917,Futrono,17,1.0
918,Futrono,18,1.0
919,Futrono,19,-0.0
920,Futrono,20,-0.0
921,Futrono,21,-0.0
922,Futrono,22,-0.0
923,Futrono,23,1.0
924,Futrono,24,1.0
925,Futrono,25,1.0
926,Futrono,26,1.0
927,Futrono,27,1.0
928,Futrono,28,1.0
929,Futrono,29,1.0
930,Futrono,30,1.0
931,Futrono,31,1.0
932,Futrono,32,1.0
933,Futrono,33,-0.0
934,Futrono,34,-0.0
935,Futrono,35,-0.0
936,Futrono,36,-0.0
937,Futrono,37,-0.0
938,Futrono,38,-0.0
939,Futrono,39,-0.0
940,Futrono,40,-0.0
941,Futrono,41,-0.0
942,Futrono,42,-0.0
943,Futrono,43,-0.0
944,Futrono,44,-0.0
945,Futrono,45,-0.0
946,Futrono,46,-0.0
947,Futrono,47,-0.0
948,Futrono,48,-0.0
949,Futrono,49,-0.0
950,Futrono,50,0.0
951,Futrono,51,-0.0
952,Futrono,52,1.0
953,Futrono,53,-0.0
954,Futrono,54,-0.0
955,Futrono,55,0.0
956,Futrono,56,-0.0
957,Futrono,57,-0.0
958,Futrono,58,-0.0
959,Futrono,59,-0.0
960,Futrono,60,-0.0
961,Futrono,61,-0.0
962,Futrono,62,-0.0
963,Futrono,63,-0.0
964,Futrono,64,-0.0
965,Futrono,65,-0.0
966,Futrono,66,-0.0
967,Futrono,67,-0.0
968,Futrono,68,-0.0
969,Futrono,69,-0.0
970,Futrono,70,-0.0
971,Futrono,71,-0.0
972,Futrono,72,1.0
973,Futrono,73,1.0
974,Futrono,74,1.0
975,Futrono,75,1.0
976,Futrono,76,1.0
977,Futrono,77,1.0
978,Futrono,78,1.0
979,Futrono,79,1.0
980,Futrono,80,1.0
981,Futrono,81,1.0
982,Futrono,82,1.0
983,Futrono,83,1.0
984,Futrono,84,1.0
985,Futrono,85,1.0
986,Futrono,86,1.0
987,Futrono,87,1.0
988,Futrono,88,1.0
989,Futrono,89,1.0
990,Futrono,90,1.0
991,Futrono,91,1.0
992,Futrono,92,1.0
993,Futrono,93,1.0
994,Futrono,94,1.0
995,Futrono,95,1.0
996,Futrono,96,1.0
997,Futrono,97,-0.0
998,Futrono,98,-0.0
999,Futrono,99,-0.0
1000,Lago Ranco,0,0.9999999999999238
1001,Lago Ranco,1,-0.0
1002,Lago Ranco,2,-0.0
1003,Lago Ranco,3,0.0
1004,Lago Ranco,4,-0.0
1005,Lago Ranco,5,-0.0
1006,Lago Ranco,6,-0.0
1007,Lago Ranco,7,-0.0
1008,Lago Ranco,8,-0.0
1009,Lago Ranco,9,-0.0
1010,Lago Ranco,10,-0.0
1011,Lago Ranco,11,-0.0
1012,Lago Ranco,12,-0.0
1013,Lago Ranco,13,-0.0
1014,Lago Ranco,14,1.0
1015,Lago Ranco,15,1.0
1016,Lago Ranco,16,1.0
1017,Lago Ranco,17,1.0
1018,Lago Ranco,18,1.0
1019,Lago Ranco,19,1.0
1020,Lago Ranco,20,1.0
1021,Lago Ranco,21,1.0
1022,Lago Ranco,22,1.0
1023,Lago Ranco,23,1.0
1024,Lago Ranco,24,1.0
1025,Lago Ranco,25,1.0
1026,Lago Ranco,26,1.0
1027,Lago Ranco,27,-0.0
1028,Lago Ranco,28,-0.0
1029,Lago Ranco,29,0.0
1030,Lago Ranco,30,-0.0
1031,Lago Ranco,31,0.0
1032,Lago Ranco,32,-0.0
1033,Lago Ranco,33,-0.0
1034,Lago Ranco,34,-0.0
1035,Lago Ranco,35,-0.0
1036,Lago Ranco,36,-0.0
1037,Lago Ranco,37,-0.0
1038,Lago Ranco,38,1.0
1039,Lago Ranco,39,1.0
1040,Lago Ranco,40,1.0
1041,Lago Ranco,41,1.0
1042,Lago Ranco,42,-0.0
1043,Lago Ranco,43,-0.0
1044,Lago Ranco,44,0.0
1045,Lago Ranco,45,-0.0
1046,Lago Ranco,46,-0.0
1047,Lago Ranco,47,-0.0
1048,Lago Ranco,48,-0.0
1049,Lago Ranco,49,-0.0
1050,Lago Ranco,50,-0.0
1051,Lago Ranco,51,-0.0
1052,Lago Ranco,52,-0.0
1053,Lago Ranco,53,-0.0
1054,Lago Ranco,54,0.0
1055,Lago Ranco,55,-0.0
1056,Lago Ranco,56,0.0
1057,Lago Ranco,57,-0.0
1058,Lago Ranco,58,0.0
1059,Lago Ranco,59,-0.0
1060,Lago Ranco,60,-0.0
1061,Lago Ranco,61,-0.0
1062,Lago Ranco,62,-0.0
1063,Lago Ranco,63,-0.0
1064,Lago Ranco,64,-0.0
1065,Lago Ranco,65,-0.0
1066,Lago Ranco,66,-0.0
1067,Lago Ranco,67,-0.0
1068,Lago Ranco,68,-0.0
1069,Lago Ranco,69,-0.0
1070,Lago Ranco,70,-0.0
1071,Lago Ranco,71,1.0
1072,Lago Ranco,72,1.0
1073,Lago Ranco,73,-0.0
1074,Lago Ranco,74,-0.0
1075,Lago Ranco,75,-0.0
1076,Lago Ranco,76,-0.0
1077,Lago Ranco,77,-0.0
1078,Lago Ranco,78,1.0
1079,Lago Ranco,79,1.0
1080,Lago Ranco,80,1.0
1081,Lago Ranco,81,1.0
1082,Lago Ranco,82,1.0
1083,Lago Ranco,83,1.0
1084,Lago Ranco,84,1.0
1085,Lago Ranco,85,1.0
1086,Lago Ranco,86,1.0
1087,Lago Ranco,87,1.0
1088,Lago Ranco,88,1.0
1089,Lago Ranco,89,-0.0
1090,Lago Ranco,90,-0.0
1091,Lago Ranco,91,-0.0
1092,Lago Ranco,92,-0.0
1093,Lago Ranco,93,-0.0
1094,Lago Ranco,94,-0.0
1095,Lago Ranco,95,1.0
1096,Lago Ranco,96,1.0
1097,Lago Ranco,97,1.0
1098,Lago Ranco,98,1.0
1099,Lago Ranco,99,1.0
1100,Río Bueno,0,1.0
1101,Río Bueno,1,1.0
1102,Río Bueno,2,1.0
1103,Río Bueno,3,1.0
1104,Río Bueno,4,-0.0
1105,Río Bueno,5,-0.0
1106,Río Bueno,6,-0.0
1107,Río Bueno,7,-0.0
1108,Río Bueno,8,1.0
1109,Río Bueno,9,-0.0
1110,Río Bueno,10,-0.0
1111,Río Bueno,11,-0.0
1112,Río Bueno,12,1.0
1113,Río Bueno,13,1.0
1114,Río Bueno,14,1.0
1115,Río Bueno,15,1.0
1116,Río Bueno,16,1.0
1117,Río Bueno,17,1.0
1118,Río Bueno,18,1.0
1119,Río Bueno,19,1.0
1120,Río Bueno,20,-0.0
1121,Río Bueno,21,-0.0
1122,Río Bueno,22,-0.0
1123,Río Bueno,23,1.0
1124,Río Bueno,24,1.0
1125,Río Bueno,25,1.0
1126,Río Bueno,26,1.0
1127,Río Bueno,27,1.0
1128,Río Bueno,28,1.0
1129,Río Bueno,29,1.0
1130,Río Bueno,30,1.0
1131,Río Bueno,31,1.0
1132,Río Bueno,32,1.0
1133,Río Bueno,33,1.0
1134,Río Bueno,34,1.0
1135,Río Bueno,35,1.0
1136,Río Bueno,36,1.0
1137,Río Bueno,37,1.0
1138,Río Bueno,38,-0.0
1139,Río Bueno,39,-0.0
1140,Río Bueno,40,-0.0
1141,Río Bueno,41,-0.0
1142,Río Bueno,42,1.0
1143,Río Bueno,43,1.0
1144,Río Bueno,44,1.0
1145,Río Bueno,45,1.0
1146,Río Bueno,46,1.0
1147,Río Bueno,47,1.0
1148,Río Bueno,48,1.0
1149,Río Bueno,49,-0.0
1150,Río Bueno,50,-0.0
1151,Río Bueno,51,-0.0
1152,Río Bueno,52,0.0
1153,Río Bueno,53,1.0
1154,Río Bueno,54,1.0
1155,Río Bueno,55,1.0
1156,Río Bueno,56,1.0
1157,Río Bueno,57,1.0
1158,Río Bueno,58,1.0
1159,Río Bueno,59,0.0
1160,Río Bueno,60,-0.0
1161,Río Bueno,61,1.0
1162,Río Bueno,62,1.0
1163,Río Bueno,63,1.0
1164,Río Bueno,64,1.0
1165,Río Bueno,65,1.0
1166,Río Bueno,66,1.0
1167,Río Bueno,67,1.0
1168,Río Bueno,68,1.0
1169,Río Bueno,69,1.0
1170,Río Bueno,70,1.0
1171,Río Bueno,71,1.0
1172,Río Bueno,72,1.0
1173,Río Bueno,73,1.0
1174,Río Bueno,74,1.0
1175,Río Bueno,75,1.0
1176,Río Bueno,76,1.0
1177,Río Bueno,77,1.0
1178,Río Bueno,78,1.0
1179,Río Bueno,79,1.0
1180,Río Bueno,80,1.0
1181,Río Bueno,81,1.0
1182,Río Bueno,82,1.0
1183,Río Bueno,83,1.0
1184,Río Bueno,84,1.0
1185,Río Bueno,85,1.0
1186,Río Bueno,86,1.0
1187,Río Bueno,87,1.0
1188,Río Bueno,88,1.0
1189,Río Bueno,89,1.0
1190,Río Bueno,90,1.0
1191,Río Bueno,91,1.0
1192,Río Bueno,92,1.0
1193,Río Bueno,93,1.0
1194,Río Bueno,94,1.0
1195,Río Bueno,95,1.0
1196,Río Bueno,96,1.0
1197,Río Bueno,97,1.0
1198,Río Bueno,98,1.0
1199,Río Bueno,99,1.0
