,dia,comuna,value
0,0,Valdivia,0.0
1,1,Valdivia,0.0
2,2,Valdivia,-0.0
3,3,Valdivia,-0.0
4,4,Valdivia,-0.0
5,5,Valdivia,2400.0
6,6,Valdivia,-0.0
7,7,Valdivia,-0.0
8,8,Valdivia,-0.0
9,9,Valdivia,800.0
10,10,Valdivia,-0.0
11,11,Valdivia,-0.0
12,12,Valdivia,-0.0
13,13,Valdivia,-0.0
14,14,Valdivia,0.0
15,15,Valdivia,1600.0
16,16,Valdivia,800.0
17,17,Valdivia,2400.0
18,18,Valdivia,800.0
19,19,Valdivia,0.0
20,20,Valdivia,0.0
21,21,Valdivia,0.0
22,22,Valdivia,800.0
23,23,Valdivia,-0.0
24,24,Valdivia,2400.0
25,25,Valdivia,1200.0
26,26,Valdivia,-0.0
27,27,Valdivia,2400.0
28,28,Valdivia,2000.0
29,29,Valdivia,1600.0
30,30,Valdivia,2000.0
31,31,Valdivia,2400.0
32,32,Valdivia,0.0
33,33,Valdivia,-0.0
34,34,Valdivia,2400.0
35,35,Valdivia,0.0
36,36,Valdivia,2400.0
37,37,Valdivia,0.0
38,38,Valdivia,2400.0
39,39,Valdivia,-0.0
40,40,Valdivia,2400.0
41,41,Valdivia,0.0
42,42,Valdivia,2400.0
43,43,Valdivia,-0.0
44,44,Valdivia,2400.0
45,45,Valdivia,-0.0
46,46,Valdivia,0.0
47,47,Valdivia,2000.0
48,48,Valdivia,-0.0
49,49,Valdivia,2400.0
50,50,Valdivia,-0.0
51,51,Valdivia,0.0
52,52,Valdivia,-0.0
53,53,Valdivia,2400.0
54,54,Valdivia,400.0
55,55,Valdivia,-0.0
56,56,Valdivia,400.0
57,57,Valdivia,0.0
58,58,Valdivia,-0.0
59,59,Valdivia,800.0
60,60,Valdivia,-0.0
61,61,Valdivia,2400.0
62,62,Valdivia,2400.0
63,63,Valdivia,0.0
64,64,Valdivia,2000.0
65,65,Valdivia,2400.0
66,66,Valdivia,-0.0
67,67,Valdivia,-0.0
68,68,Valdivia,-0.0
69,69,Valdivia,2400.0
70,70,Valdivia,2400.0
71,71,Valdivia,-0.0
72,72,Valdivia,-0.0
73,73,Valdivia,2400.0
74,74,Valdivia,-0.0
75,75,Valdivia,2400.0
76,76,Valdivia,1600.0
77,77,Valdivia,-0.0
78,78,Valdivia,2400.0
79,79,Valdivia,2400.0
80,80,Valdivia,1600.0
81,81,Valdivia,1600.0
82,82,Valdivia,2400.0
83,83,Valdivia,2400.0
84,84,Valdivia,2400.0
85,85,Valdivia,2400.0
86,86,Valdivia,2400.0
87,87,Valdivia,2400.0
88,88,Valdivia,1600.0
89,89,Valdivia,2400.0
90,90,Valdivia,2000.0
91,91,Valdivia,2400.0
92,92,Valdivia,2400.0
93,93,Valdivia,-0.0
94,94,Valdivia,-0.0
95,95,Valdivia,0.0
96,96,Valdivia,-0.0
97,97,Valdivia,0.0
98,98,Valdivia,0.0
99,99,Valdivia,0.0
100,0,Corral,-0.0
101,1,Corral,-0.0
102,2,Corral,0.0
103,3,Corral,0.0
104,4,Corral,-0.0
105,5,Corral,-0.0
106,6,Corral,-0.0
107,7,Corral,0.0
108,8,Corral,0.0
109,9,Corral,0.0
110,10,Corral,2000.0
111,11,Corral,-0.0
112,12,Corral,0.0
113,13,Corral,-0.0
114,14,Corral,0.0
115,15,Corral,-0.0
116,16,Corral,0.0
117,17,Corral,-0.0
118,18,Corral,0.0
119,19,Corral,0.0
120,20,Corral,0.0
121,21,Corral,-0.0
122,22,Corral,-0.0
123,23,Corral,-0.0
124,24,Corral,0.0
125,25,Corral,0.0
126,26,Corral,-0.0
127,27,Corral,-0.0
128,28,Corral,-0.0
129,29,Corral,-0.0
130,30,Corral,-0.0
131,31,Corral,-0.0
132,32,Corral,-0.0
133,33,Corral,-0.0
134,34,Corral,-0.0
135,35,Corral,-0.0
136,36,Corral,0.0
137,37,Corral,-0.0
138,38,Corral,0.0
139,39,Corral,0.0
140,40,Corral,0.0
141,41,Corral,0.0
142,42,Corral,-0.0
143,43,Corral,0.0
144,44,Corral,-0.0
145,45,Corral,-0.0
146,46,Corral,0.0
147,47,Corral,-0.0
148,48,Corral,-0.0
149,49,Corral,-0.0
150,50,Corral,-0.0
151,51,Corral,-0.0
152,52,Corral,-0.0
153,53,Corral,-0.0
154,54,Corral,-0.0
155,55,Corral,-0.0
156,56,Corral,-0.0
157,57,Corral,2400.0
158,58,Corral,0.0
159,59,Corral,-0.0
160,60,Corral,-0.0
161,61,Corral,0.0
162,62,Corral,-0.0
163,63,Corral,0.0
164,64,Corral,-0.0
165,65,Corral,0.0
166,66,Corral,-0.0
167,67,Corral,0.0
168,68,Corral,-0.0
169,69,Corral,0.0
170,70,Corral,0.0
171,71,Corral,-0.0
172,72,Corral,-0.0
173,73,Corral,0.0
174,74,Corral,0.0
175,75,Corral,0.0
176,76,Corral,0.0
177,77,Corral,0.0
178,78,Corral,-0.0
179,79,Corral,-0.0
180,80,Corral,0.0
181,81,Corral,-0.0
182,82,Corral,0.0
183,83,Corral,0.0
184,84,Corral,-0.0
185,85,Corral,0.0
186,86,Corral,0.0
187,87,Corral,0.0
188,88,Corral,0.0
189,89,Corral,0.0
190,90,Corral,-0.0
191,91,Corral,0.0
192,92,Corral,0.0
193,93,Corral,-0.0
194,94,Corral,0.0
195,95,Corral,-0.0
196,96,Corral,0.0
197,97,Corral,0.0
198,98,Corral,0.0
199,99,Corral,-0.0
200,0,Lanco,0.0
201,1,Lanco,0.0
202,2,Lanco,-0.0
203,3,Lanco,0.0
204,4,Lanco,800.0
205,5,Lanco,-0.0
206,6,Lanco,-0.0
207,7,Lanco,-0.0
208,8,Lanco,-0.0
209,9,Lanco,-0.0
210,10,Lanco,-0.0
211,11,Lanco,2400.0
212,12,Lanco,0.0
213,13,Lanco,0.0
214,14,Lanco,-0.0
215,15,Lanco,-0.0
216,16,Lanco,0.0
217,17,Lanco,0.0
218,18,Lanco,0.0
219,19,Lanco,0.0
220,20,Lanco,0.0
221,21,Lanco,-0.0
222,22,Lanco,0.0
223,23,Lanco,0.0
224,24,Lanco,0.0
225,25,Lanco,-0.0
226,26,Lanco,-0.0
227,27,Lanco,0.0
228,28,Lanco,-0.0
229,29,Lanco,-0.0
230,30,Lanco,0.0
231,31,Lanco,-0.0
232,32,Lanco,0.0
233,33,Lanco,2400.0
234,34,Lanco,-0.0
235,35,Lanco,-0.0
236,36,Lanco,0.0
237,37,Lanco,-0.0
238,38,Lanco,0.0
239,39,Lanco,0.0
240,40,Lanco,-0.0
241,41,Lanco,-0.0
242,42,Lanco,0.0
243,43,Lanco,-0.0
244,44,Lanco,-0.0
245,45,Lanco,0.0
246,46,Lanco,-0.0
247,47,Lanco,0.0
248,48,Lanco,-0.0
249,49,Lanco,0.0
250,50,Lanco,0.0
251,51,Lanco,0.0
252,52,Lanco,0.0
253,53,Lanco,0.0
254,54,Lanco,0.0
255,55,Lanco,400.0
256,56,Lanco,800.0
257,57,Lanco,0.0
258,58,Lanco,-0.0
259,59,Lanco,1200.0
260,60,Lanco,0.0
261,61,Lanco,0.0
262,62,Lanco,-0.0
263,63,Lanco,0.0
264,64,Lanco,0.0
265,65,Lanco,0.0
266,66,Lanco,1200.0
267,67,Lanco,-0.0
268,68,Lanco,-0.0
269,69,Lanco,0.0
270,70,Lanco,0.0
271,71,Lanco,2400.0
272,72,Lanco,-0.0
273,73,Lanco,-0.0
274,74,Lanco,-0.0
275,75,Lanco,-0.0
276,76,Lanco,0.0
277,77,Lanco,-0.0
278,78,Lanco,0.0
279,79,Lanco,0.0
280,80,Lanco,0.0
281,81,Lanco,0.0
282,82,Lanco,0.0
283,83,Lanco,0.0
284,84,Lanco,0.0
285,85,Lanco,0.0
286,86,Lanco,0.0
287,87,Lanco,0.0
288,88,Lanco,0.0
289,89,Lanco,0.0
290,90,Lanco,0.0
291,91,Lanco,0.0
292,92,Lanco,0.0
293,93,Lanco,0.0
294,94,Lanco,0.0
295,95,Lanco,0.0
296,96,Lanco,-0.0
297,97,Lanco,-0.0
298,98,Lanco,0.0
299,99,Lanco,0.0
300,0,Los Lagos,-0.0
301,1,Los Lagos,0.0
302,2,Los Lagos,2400.0
303,3,Los Lagos,-0.0
304,4,Los Lagos,-0.0
305,5,Los Lagos,-0.0
306,6,Los Lagos,0.0
307,7,Los Lagos,0.0
308,8,Los Lagos,-0.0
309,9,Los Lagos,-0.0
310,10,Los Lagos,400.0
311,11,Los Lagos,-0.0
312,12,Los Lagos,0.0
313,13,Los Lagos,800.0
314,14,Los Lagos,0.0
315,15,Los Lagos,-0.0
316,16,Los Lagos,1600.0
317,17,Los Lagos,-0.0
318,18,Los Lagos,-0.0
319,19,Los Lagos,0.0
320,20,Los Lagos,0.0
321,21,Los Lagos,0.0
322,22,Los Lagos,0.0
323,23,Los Lagos,0.0
324,24,Los Lagos,0.0
325,25,Los Lagos,0.0
326,26,Los Lagos,0.0
327,27,Los Lagos,0.0
328,28,Los Lagos,0.0
329,29,Los Lagos,-0.0
330,30,Los Lagos,0.0
331,31,Los Lagos,0.0
332,32,Los Lagos,0.0
333,33,Los Lagos,0.0
334,34,Los Lagos,0.0
335,35,Los Lagos,0.0
336,36,Los Lagos,0.0
337,37,Los Lagos,0.0
338,38,Los Lagos,0.0
339,39,Los Lagos,0.0
340,40,Los Lagos,0.0
341,41,Los Lagos,0.0
342,42,Los Lagos,0.0
343,43,Los Lagos,0.0
344,44,Los Lagos,0.0
345,45,Los Lagos,0.0
346,46,Los Lagos,2400.0
347,47,Los Lagos,-0.0
348,48,Los Lagos,-0.0
349,49,Los Lagos,-0.0
350,50,Los Lagos,0.0
351,51,Los Lagos,0.0
352,52,Los Lagos,0.0
353,53,Los Lagos,0.0
354,54,Los Lagos,1600.0
355,55,Los Lagos,0.0
356,56,Los Lagos,0.0
357,57,Los Lagos,0.0
358,58,Los Lagos,0.0
359,59,Los Lagos,-0.0
360,60,Los Lagos,0.0
361,61,Los Lagos,0.0
362,62,Los Lagos,0.0
363,63,Los Lagos,2400.0
364,64,Los Lagos,-0.0
365,65,Los Lagos,-0.0
366,66,Los Lagos,-0.0
367,67,Los Lagos,0.0
368,68,Los Lagos,-0.0
369,69,Los Lagos,0.0
370,70,Los Lagos,0.0
371,71,Los Lagos,0.0
372,72,Los Lagos,0.0
373,73,Los Lagos,0.0
374,74,Los Lagos,0.0
375,75,Los Lagos,0.0
376,76,Los Lagos,-0.0
377,77,Los Lagos,-0.0
378,78,Los Lagos,0.0
379,79,Los Lagos,0.0
380,80,Los Lagos,0.0
381,81,Los Lagos,800.0
382,82,Los Lagos,0.0
383,83,Los Lagos,0.0
384,84,Los Lagos,-0.0
385,85,Los Lagos,0.0
386,86,Los Lagos,0.0
387,87,Los Lagos,0.0
388,88,Los Lagos,-0.0
389,89,Los Lagos,0.0
390,90,Los Lagos,0.0
391,91,Los Lagos,0.0
392,92,Los Lagos,0.0
393,93,Los Lagos,-0.0
394,94,Los Lagos,-0.0
395,95,Los Lagos,1200.0
396,96,Los Lagos,-0.0
397,97,Los Lagos,0.0
398,98,Los Lagos,0.0
399,99,Los Lagos,-0.0
400,0,Máfil,-0.0
401,1,Máfil,0.0
402,2,Máfil,0.0
403,3,Máfil,400.0
404,4,Máfil,0.0
405,5,Máfil,-0.0
406,6,Máfil,-0.0
407,7,Máfil,0.0
408,8,Máfil,0.0
409,9,Máfil,-0.0
410,10,Máfil,-0.0
411,11,Máfil,0.0
412,12,Máfil,0.0
413,13,Máfil,-0.0
414,14,Máfil,0.0
415,15,Máfil,800.0
416,16,Máfil,-0.0
417,17,Máfil,-0.0
418,18,Máfil,0.0
419,19,Máfil,0.0
420,20,Máfil,0.0
421,21,Máfil,0.0
422,22,Máfil,1600.0
423,23,Máfil,-0.0
424,24,Máfil,0.0
425,25,Máfil,0.0
426,26,Máfil,-0.0
427,27,Máfil,-0.0
428,28,Máfil,-0.0
429,29,Máfil,0.0
430,30,Máfil,0.0
431,31,Máfil,0.0
432,32,Máfil,-0.0
433,33,Máfil,-0.0
434,34,Máfil,0.0
435,35,Máfil,-0.0
436,36,Máfil,0.0
437,37,Máfil,0.0
438,38,Máfil,0.0
439,39,Máfil,0.0
440,40,Máfil,-0.0
441,41,Máfil,0.0
442,42,Máfil,0.0
443,43,Máfil,-0.0
444,44,Máfil,0.0
445,45,Máfil,0.0
446,46,Máfil,0.0
447,47,Máfil,-0.0
448,48,Máfil,-0.0
449,49,Máfil,-0.0
450,50,Máfil,0.0
451,51,Máfil,0.0
452,52,Máfil,0.0
453,53,Máfil,0.0
454,54,Máfil,-0.0
455,55,Máfil,-0.0
456,56,Máfil,-0.0
457,57,Máfil,0.0
458,58,Máfil,-0.0
459,59,Máfil,-0.0
460,60,Máfil,2400.0
461,61,Máfil,-0.0
462,62,Máfil,0.0
463,63,Máfil,-0.0
464,64,Máfil,-0.0
465,65,Máfil,0.0
466,66,Máfil,0.0
467,67,Máfil,-0.0
468,68,Máfil,-0.0
469,69,Máfil,0.0
470,70,Máfil,-0.0
471,71,Máfil,0.0
472,72,Máfil,0.0
473,73,Máfil,0.0
474,74,Máfil,-0.0
475,75,Máfil,0.0
476,76,Máfil,0.0
477,77,Máfil,-0.0
478,78,Máfil,0.0
479,79,Máfil,0.0
480,80,Máfil,-0.0
481,81,Máfil,0.0
482,82,Máfil,0.0
483,83,Máfil,-0.0
484,84,Máfil,-0.0
485,85,Máfil,0.0
486,86,Máfil,0.0
487,87,Máfil,0.0
488,88,Máfil,-0.0
489,89,Máfil,-0.0
490,90,Máfil,0.0
491,91,Máfil,0.0
492,92,Máfil,0.0
493,93,Máfil,0.0
494,94,Máfil,-0.0
495,95,Máfil,0.0
496,96,Máfil,-0.0
497,97,Máfil,0.0
498,98,Máfil,0.0
499,99,Máfil,0.0
500,0,Mariquina,-0.0
501,1,Mariquina,-0.0
502,2,Mariquina,0.0
503,3,Mariquina,400.0
504,4,Mariquina,0.0
505,5,Mariquina,0.0
506,6,Mariquina,0.0
507,7,Mariquina,0.0
508,8,Mariquina,400.0
509,9,Mariquina,-0.0
510,10,Mariquina,0.0
511,11,Mariquina,0.0
512,12,Mariquina,-0.0
513,13,Mariquina,0.0
514,14,Mariquina,-0.0
515,15,Mariquina,0.0
516,16,Mariquina,-0.0
517,17,Mariquina,-0.0
518,18,Mariquina,0.0
519,19,Mariquina,-0.0
520,20,Mariquina,0.0
521,21,Mariquina,2400.0
522,22,Mariquina,0.0
523,23,Mariquina,400.0
524,24,Mariquina,0.0
525,25,Mariquina,0.0
526,26,Mariquina,1200.0
527,27,Mariquina,0.0
528,28,Mariquina,0.0
529,29,Mariquina,800.0
530,30,Mariquina,0.0
531,31,Mariquina,0.0
532,32,Mariquina,0.0
533,33,Mariquina,0.0
534,34,Mariquina,0.0
535,35,Mariquina,0.0
536,36,Mariquina,0.0
537,37,Mariquina,0.0
538,38,Mariquina,0.0
539,39,Mariquina,0.0
540,40,Mariquina,0.0
541,41,Mariquina,0.0
542,42,Mariquina,0.0
543,43,Mariquina,0.0
544,44,Mariquina,0.0
545,45,Mariquina,0.0
546,46,Mariquina,0.0
547,47,Mariquina,400.0
548,48,Mariquina,-0.0
549,49,Mariquina,-0.0
550,50,Mariquina,1600.0
551,51,Mariquina,2000.0
552,52,Mariquina,-0.0
553,53,Mariquina,-0.0
554,54,Mariquina,-0.0
555,55,Mariquina,0.0
556,56,Mariquina,-0.0
557,57,Mariquina,0.0
558,58,Mariquina,0.0
559,59,Mariquina,0.0
560,60,Mariquina,0.0
561,61,Mariquina,0.0
562,62,Mariquina,0.0
563,63,Mariquina,0.0
564,64,Mariquina,0.0
565,65,Mariquina,0.0
566,66,Mariquina,-0.0
567,67,Mariquina,0.0
568,68,Mariquina,0.0
569,69,Mariquina,0.0
570,70,Mariquina,0.0
571,71,Mariquina,-0.0
572,72,Mariquina,0.0
573,73,Mariquina,0.0
574,74,Mariquina,2400.0
575,75,Mariquina,0.0
576,76,Mariquina,800.0
577,77,Mariquina,0.0
578,78,Mariquina,0.0
579,79,Mariquina,0.0
580,80,Mariquina,0.0
581,81,Mariquina,0.0
582,82,Mariquina,0.0
583,83,Mariquina,0.0
584,84,Mariquina,0.0
585,85,Mariquina,0.0
586,86,Mariquina,0.0
587,87,Mariquina,0.0
588,88,Mariquina,0.0
589,89,Mariquina,0.0
590,90,Mariquina,0.0
591,91,Mariquina,0.0
592,92,Mariquina,-0.0
593,93,Mariquina,-0.0
594,94,Mariquina,-0.0
595,95,Mariquina,400.0
596,96,Mariquina,-0.0
597,97,Mariquina,0.0
598,98,Mariquina,0.0
599,99,Mariquina,-0.0
600,0,Paillaco,2000.0
601,1,Paillaco,-0.0
602,2,Paillaco,-0.0
603,3,Paillaco,-0.0
604,4,Paillaco,0.0
605,5,Paillaco,0.0
606,6,Paillaco,0.0
607,7,Paillaco,0.0
608,8,Paillaco,0.0
609,9,Paillaco,0.0
610,10,Paillaco,0.0
611,11,Paillaco,0.0
612,12,Paillaco,0.0
613,13,Paillaco,0.0
614,14,Paillaco,-0.0
615,15,Paillaco,0.0
616,16,Paillaco,0.0
617,17,Paillaco,0.0
618,18,Paillaco,0.0
619,19,Paillaco,0.0
620,20,Paillaco,2400.0
621,21,Paillaco,0.0
622,22,Paillaco,0.0
623,23,Paillaco,0.0
624,24,Paillaco,0.0
625,25,Paillaco,0.0
626,26,Paillaco,-0.0
627,27,Paillaco,0.0
628,28,Paillaco,0.0
629,29,Paillaco,0.0
630,30,Paillaco,0.0
631,31,Paillaco,-0.0
632,32,Paillaco,-0.0
633,33,Paillaco,0.0
634,34,Paillaco,0.0
635,35,Paillaco,2400.0
636,36,Paillaco,0.0
637,37,Paillaco,0.0
638,38,Paillaco,0.0
639,39,Paillaco,0.0
640,40,Paillaco,0.0
641,41,Paillaco,0.0
642,42,Paillaco,-0.0
643,43,Paillaco,0.0
644,44,Paillaco,0.0
645,45,Paillaco,-0.0
646,46,Paillaco,0.0
647,47,Paillaco,0.0
648,48,Paillaco,0.0
649,49,Paillaco,0.0
650,50,Paillaco,0.0
651,51,Paillaco,0.0
652,52,Paillaco,-0.0
653,53,Paillaco,-0.0
654,54,Paillaco,0.0
655,55,Paillaco,-0.0
656,56,Paillaco,800.0
657,57,Paillaco,0.0
658,58,Paillaco,0.0
659,59,Paillaco,-0.0
660,60,Paillaco,-0.0
661,61,Paillaco,0.0
662,62,Paillaco,0.0
663,63,Paillaco,0.0
664,64,Paillaco,400.0
665,65,Paillaco,0.0
666,66,Paillaco,-0.0
667,67,Paillaco,0.0
668,68,Paillaco,2400.0
669,69,Paillaco,-0.0
670,70,Paillaco,-0.0
671,71,Paillaco,-0.0
672,72,Paillaco,-0.0
673,73,Paillaco,0.0
674,74,Paillaco,-0.0
675,75,Paillaco,-0.0
676,76,Paillaco,0.0
677,77,Paillaco,0.0
678,78,Paillaco,-0.0
679,79,Paillaco,0.0
680,80,Paillaco,0.0
681,81,Paillaco,0.0
682,82,Paillaco,-0.0
683,83,Paillaco,0.0
684,84,Paillaco,0.0
685,85,Paillaco,-0.0
686,86,Paillaco,-0.0
687,87,Paillaco,0.0
688,88,Paillaco,-0.0
689,89,Paillaco,0.0
690,90,Paillaco,400.0
691,91,Paillaco,0.0
692,92,Paillaco,-0.0
693,93,Paillaco,800.0
694,94,Paillaco,0.0
695,95,Paillaco,0.0
696,96,Paillaco,0.0
697,97,Paillaco,-0.0
698,98,Paillaco,0.0
699,99,Paillaco,0.0
700,0,Panguipulli,-0.0
701,1,Panguipulli,0.0
702,2,Panguipulli,0.0
703,3,Panguipulli,0.0
704,4,Panguipulli,-0.0
705,5,Panguipulli,0.0
706,6,Panguipulli,0.0
707,7,Panguipulli,2400.0
708,8,Panguipulli,-0.0
709,9,Panguipulli,-0.0
710,10,Panguipulli,-0.0
711,11,Panguipulli,0.0
712,12,Panguipulli,0.0
713,13,Panguipulli,1600.0
714,14,Panguipulli,2400.0
715,15,Panguipulli,0.0
716,16,Panguipulli,-0.0
717,17,Panguipulli,0.0
718,18,Panguipulli,0.0
719,19,Panguipulli,0.0
720,20,Panguipulli,-0.0
721,21,Panguipulli,0.0
722,22,Panguipulli,0.0
723,23,Panguipulli,1600.0
724,24,Panguipulli,0.0
725,25,Panguipulli,0.0
726,26,Panguipulli,400.0
727,27,Panguipulli,0.0
728,28,Panguipulli,0.0
729,29,Panguipulli,-0.0
730,30,Panguipulli,400.0
731,31,Panguipulli,0.0
732,32,Panguipulli,0.0
733,33,Panguipulli,-0.0
734,34,Panguipulli,-0.0
735,35,Panguipulli,0.0
736,36,Panguipulli,0.0
737,37,Panguipulli,0.0
738,38,Panguipulli,0.0
739,39,Panguipulli,2400.0
740,40,Panguipulli,0.0
741,41,Panguipulli,0.0
742,42,Panguipulli,0.0
743,43,Panguipulli,2400.0
744,44,Panguipulli,0.0
745,45,Panguipulli,0.0
746,46,Panguipulli,0.0
747,47,Panguipulli,0.0
748,48,Panguipulli,-0.0
749,49,Panguipulli,0.0
750,50,Panguipulli,0.0
751,51,Panguipulli,0.0
752,52,Panguipulli,-0.0
753,53,Panguipulli,-0.0
754,54,Panguipulli,0.0
755,55,Panguipulli,400.0
756,56,Panguipulli,400.0
757,57,Panguipulli,-0.0
758,58,Panguipulli,0.0
759,59,Panguipulli,0.0
760,60,Panguipulli,0.0
761,61,Panguipulli,0.0
762,62,Panguipulli,0.0
763,63,Panguipulli,-0.0
764,64,Panguipulli,-0.0
765,65,Panguipulli,-0.0
766,66,Panguipulli,0.0
767,67,Panguipulli,2400.0
768,68,Panguipulli,-0.0
769,69,Panguipulli,0.0
770,70,Panguipulli,-0.0
771,71,Panguipulli,0.0
772,72,Panguipulli,0.0
773,73,Panguipulli,0.0
774,74,Panguipulli,0.0
775,75,Panguipulli,-0.0
776,76,Panguipulli,0.0
777,77,Panguipulli,0.0
778,78,Panguipulli,0.0
779,79,Panguipulli,0.0
780,80,Panguipulli,800.0
781,81,Panguipulli,-0.0
782,82,Panguipulli,0.0
783,83,Panguipulli,0.0
784,84,Panguipulli,-0.0
785,85,Panguipulli,0.0
786,86,Panguipulli,-0.0
787,87,Panguipulli,0.0
788,88,Panguipulli,0.0
789,89,Panguipulli,0.0
790,90,Panguipulli,0.0
791,91,Panguipulli,-0.0
792,92,Panguipulli,-0.0
793,93,Panguipulli,1200.0
794,94,Panguipulli,1600.0
795,95,Panguipulli,400.0
796,96,Panguipulli,-0.0
797,97,Panguipulli,0.0
798,98,Panguipulli,1600.0
799,99,Panguipulli,-0.0
800,0,La Unión,400.0
801,1,La Unión,-0.0
802,2,La Unión,0.0
803,3,La Unión,0.0
804,4,La Unión,1600.0
805,5,La Unión,0.0
806,6,La Unión,2400.0
807,7,La Unión,0.0
808,8,La Unión,0.0
809,9,La Unión,-0.0
810,10,La Unión,0.0
811,11,La Unión,0.0
812,12,La Unión,2400.0
813,13,La Unión,0.0
814,14,La Unión,0.0
815,15,La Unión,-0.0
816,16,La Unión,0.0
817,17,La Unión,0.0
818,18,La Unión,400.0
819,19,La Unión,0.0
820,20,La Unión,0.0
821,21,La Unión,-0.0
822,22,La Unión,-0.0
823,23,La Unión,0.0
824,24,La Unión,-0.0
825,25,La Unión,400.0
826,26,La Unión,0.0
827,27,La Unión,0.0
828,28,La Unión,0.0
829,29,La Unión,-0.0
830,30,La Unión,0.0
831,31,La Unión,-0.0
832,32,La Unión,-0.0
833,33,La Unión,-0.0
834,34,La Unión,0.0
835,35,La Unión,0.0
836,36,La Unión,0.0
837,37,La Unión,0.0
838,38,La Unión,0.0
839,39,La Unión,-0.0
840,40,La Unión,0.0
841,41,La Unión,0.0
842,42,La Unión,0.0
843,43,La Unión,-0.0
844,44,La Unión,-0.0
845,45,La Unión,2400.0
846,46,La Unión,0.0
847,47,La Unión,0.0
848,48,La Unión,-0.0
849,49,La Unión,0.0
850,50,La Unión,800.0
851,51,La Unión,400.0
852,52,La Unión,-0.0
853,53,La Unión,0.0
854,54,La Unión,-0.0
855,55,La Unión,1600.0
856,56,La Unión,0.0
857,57,La Unión,0.0
858,58,La Unión,-0.0
859,59,La Unión,400.0
860,60,La Unión,-0.0
861,61,La Unión,-0.0
862,62,La Unión,-0.0
863,63,La Unión,0.0
864,64,La Unión,0.0
865,65,La Unión,-0.0
866,66,La Unión,1200.0
867,67,La Unión,0.0
868,68,La Unión,-0.0
869,69,La Unión,0.0
870,70,La Unión,0.0
871,71,La Unión,0.0
872,72,La Unión,2000.0
873,73,La Unión,-0.0
874,74,La Unión,0.0
875,75,La Unión,0.0
876,76,La Unión,0.0
877,77,La Unión,1200.0
878,78,La Unión,-0.0
879,79,La Unión,0.0
880,80,La Unión,-0.0
881,81,La Unión,0.0
882,82,La Unión,0.0
883,83,La Unión,-0.0
884,84,La Unión,0.0
885,85,La Unión,0.0
886,86,La Unión,0.0
887,87,La Unión,0.0
888,88,La Unión,400.0
889,89,La Unión,0.0
890,90,La Unión,0.0
891,91,La Unión,-0.0
892,92,La Unión,0.0
893,93,La Unión,-0.0
894,94,La Unión,400.0
895,95,La Unión,400.0
896,96,La Unión,-0.0
897,97,La Unión,0.0
898,98,La Unión,800.0
899,99,La Unión,0.0
900,0,Futrono,-0.0
901,1,Futrono,-0.0
902,2,Futrono,0.0
903,3,Futrono,-0.0
904,4,Futrono,0.0
905,5,Futrono,-0.0
906,6,Futrono,0.0
907,7,Futrono,0.0
908,8,Futrono,0.0
909,9,Futrono,1600.0
910,10,Futrono,-0.0
911,11,Futrono,0.0
912,12,Futrono,0.0
913,13,Futrono,0.0
914,14,Futrono,-0.0
915,15,Futrono,-0.0
916,16,Futrono,0.0
917,17,Futrono,0.0
918,18,Futrono,800.0
919,19,Futrono,0.0
920,20,Futrono,0.0
921,21,Futrono,-0.0
922,22,Futrono,-0.0
923,23,Futrono,0.0
924,24,Futrono,-0.0
925,25,Futrono,0.0
926,26,Futrono,-0.0
927,27,Futrono,-0.0
928,28,Futrono,-0.0
929,29,Futrono,-0.0
930,30,Futrono,-0.0
931,31,Futrono,0.0
932,32,Futrono,2400.0
933,33,Futrono,-0.0
934,34,Futrono,0.0
935,35,Futrono,0.0
936,36,Futrono,0.0
937,37,Futrono,-0.0
938,38,Futrono,0.0
939,39,Futrono,-0.0
940,40,Futrono,0.0
941,41,Futrono,0.0
942,42,Futrono,-0.0
943,43,Futrono,0.0
944,44,Futrono,-0.0
945,45,Futrono,-0.0
946,46,Futrono,-0.0
947,47,Futrono,0.0
948,48,Futrono,-0.0
949,49,Futrono,-0.0
950,50,Futrono,0.0
951,51,Futrono,0.0
952,52,Futrono,2400.0
953,53,Futrono,0.0
954,54,Futrono,-0.0
955,55,Futrono,-0.0
956,56,Futrono,-0.0
957,57,Futrono,0.0
958,58,Futrono,0.0
959,59,Futrono,-0.0
960,60,Futrono,-0.0
961,61,Futrono,0.0
962,62,Futrono,0.0
963,63,Futrono,0.0
964,64,Futrono,0.0
965,65,Futrono,-0.0
966,66,Futrono,-0.0
967,67,Futrono,0.0
968,68,Futrono,0.0
969,69,Futrono,-0.0
970,70,Futrono,0.0
971,71,Futrono,0.0
972,72,Futrono,0.0
973,73,Futrono,0.0
974,74,Futrono,0.0
975,75,Futrono,0.0
976,76,Futrono,0.0
977,77,Futrono,-0.0
978,78,Futrono,0.0
979,79,Futrono,-0.0
980,80,Futrono,0.0
981,81,Futrono,-0.0
982,82,Futrono,0.0
983,83,Futrono,0.0
984,84,Futrono,0.0
985,85,Futrono,0.0
986,86,Futrono,0.0
987,87,Futrono,0.0
988,88,Futrono,-0.0
989,89,Futrono,-0.0
990,90,Futrono,0.0
991,91,Futrono,0.0
992,92,Futrono,-0.0
993,93,Futrono,400.0
994,94,Futrono,-0.0
995,95,Futrono,0.0
996,96,Futrono,2400.0
997,97,Futrono,0.0
998,98,Futrono,0.0
999,99,Futrono,-0.0
1000,0,Lago Ranco,0.0
1001,1,Lago Ranco,-0.0
1002,2,Lago Ranco,0.0
1003,3,Lago Ranco,0.0
1004,4,Lago Ranco,0.0
1005,5,Lago Ranco,-0.0
1006,6,Lago Ranco,0.0
1007,7,Lago Ranco,0.0
1008,8,Lago Ranco,0.0
1009,9,Lago Ranco,-0.0
1010,10,Lago Ranco,-0.0
1011,11,Lago Ranco,0.0
1012,12,Lago Ranco,0.0
1013,13,Lago Ranco,0.0
1014,14,Lago Ranco,0.0
1015,15,Lago Ranco,0.0
1016,16,Lago Ranco,-0.0
1017,17,Lago Ranco,0.0
1018,18,Lago Ranco,400.0
1019,19,Lago Ranco,0.0
1020,20,Lago Ranco,0.0
1021,21,Lago Ranco,0.0
1022,22,Lago Ranco,-0.0
1023,23,Lago Ranco,400.0
1024,24,Lago Ranco,0.0
1025,25,Lago Ranco,0.0
1026,26,Lago Ranco,800.0
1027,27,Lago Ranco,0.0
1028,28,Lago Ranco,0.0
1029,29,Lago Ranco,-0.0
1030,30,Lago Ranco,0.0
1031,31,Lago Ranco,0.0
1032,32,Lago Ranco,0.0
1033,33,Lago Ranco,0.0
1034,34,Lago Ranco,0.0
1035,35,Lago Ranco,0.0
1036,36,Lago Ranco,0.0
1037,37,Lago Ranco,0.0
1038,38,Lago Ranco,-0.0
1039,39,Lago Ranco,-0.0
1040,40,Lago Ranco,-0.0
1041,41,Lago Ranco,2400.0
1042,42,Lago Ranco,0.0
1043,43,Lago Ranco,0.0
1044,44,Lago Ranco,-0.0
1045,45,Lago Ranco,0.0
1046,46,Lago Ranco,0.0
1047,47,Lago Ranco,0.0
1048,48,Lago Ranco,-0.0
1049,49,Lago Ranco,0.0
1050,50,Lago Ranco,-0.0
1051,51,Lago Ranco,-0.0
1052,52,Lago Ranco,-0.0
1053,53,Lago Ranco,-0.0
1054,54,Lago Ranco,0.0
1055,55,Lago Ranco,0.0
1056,56,Lago Ranco,-0.0
1057,57,Lago Ranco,-0.0
1058,58,Lago Ranco,-0.0
1059,59,Lago Ranco,0.0
1060,60,Lago Ranco,0.0
1061,61,Lago Ranco,0.0
1062,62,Lago Ranco,0.0
1063,63,Lago Ranco,-0.0
1064,64,Lago Ranco,0.0
1065,65,Lago Ranco,-0.0
1066,66,Lago Ranco,-0.0
1067,67,Lago Ranco,0.0
1068,68,Lago Ranco,-0.0
1069,69,Lago Ranco,-0.0
1070,70,Lago Ranco,-0.0
1071,71,Lago Ranco,-0.0
1072,72,Lago Ranco,400.0
1073,73,Lago Ranco,0.0
1074,74,Lago Ranco,0.0
1075,75,Lago Ranco,0.0
1076,76,Lago Ranco,0.0
1077,77,Lago Ranco,-0.0
1078,78,Lago Ranco,0.0
1079,79,Lago Ranco,-0.0
1080,80,Lago Ranco,0.0
1081,81,Lago Ranco,-0.0
1082,82,Lago Ranco,-0.0
1083,83,Lago Ranco,0.0
1084,84,Lago Ranco,0.0
1085,85,Lago Ranco,0.0
1086,86,Lago Ranco,0.0
1087,87,Lago Ranco,0.0
1088,88,Lago Ranco,400.0
1089,89,Lago Ranco,0.0
1090,90,Lago Ranco,0.0
1091,91,Lago Ranco,0.0
1092,92,Lago Ranco,0.0
1093,93,Lago Ranco,0.0
1094,94,Lago Ranco,0.0
1095,95,Lago Ranco,0.0
1096,96,Lago Ranco,-0.0
1097,97,Lago Ranco,-0.0
1098,98,Lago Ranco,-0.0
1099,99,Lago Ranco,-0.0
1100,0,Río Bueno,-0.0
1101,1,Río Bueno,2400.0
1102,2,Río Bueno,0.0
1103,3,Río Bueno,1600.0
1104,4,Río Bueno,0.0
1105,5,Río Bueno,-0.0
1106,6,Río Bueno,0.0
1107,7,Río Bueno,-0.0
1108,8,Río Bueno,2000.0
1109,9,Río Bueno,0.0
1110,10,Río Bueno,-0.0
1111,11,Río Bueno,0.0
1112,12,Río Bueno,-0.0
1113,13,Río Bueno,-0.0
1114,14,Río Bueno,0.0
1115,15,Río Bueno,-0.0
1116,16,Río Bueno,-0.0
1117,17,Río Bueno,-0.0
1118,18,Río Bueno,-0.0
1119,19,Río Bueno,2400.0
1120,20,Río Bueno,0.0
1121,21,Río Bueno,0.0
1122,22,Río Bueno,-0.0
1123,23,Río Bueno,0.0
1124,24,Río Bueno,0.0
1125,25,Río Bueno,800.0
1126,26,Río Bueno,0.0
1127,27,Río Bueno,-0.0
1128,28,Río Bueno,400.0
1129,29,Río Bueno,-0.0
1130,30,Río Bueno,0.0
1131,31,Río Bueno,0.0
1132,32,Río Bueno,-0.0
1133,33,Río Bueno,-0.0
1134,34,Río Bueno,0.0
1135,35,Río Bueno,0.0
1136,36,Río Bueno,0.0
1137,37,Río Bueno,2400.0
1138,38,Río Bueno,0.0
1139,39,Río Bueno,-0.0
1140,40,Río Bueno,0.0
1141,41,Río Bueno,0.0
1142,42,Río Bueno,-0.0
1143,43,Río Bueno,-0.0
1144,44,Río Bueno,-0.0
1145,45,Río Bueno,-0.0
1146,46,Río Bueno,0.0
1147,47,Río Bueno,-0.0
1148,48,Río Bueno,2400.0
1149,49,Río Bueno,0.0
1150,50,Río Bueno,0.0
1151,51,Río Bueno,0.0
1152,52,Río Bueno,0.0
1153,53,Río Bueno,0.0
1154,54,Río Bueno,400.0
1155,55,Río Bueno,-0.0
1156,56,Río Bueno,0.0
1157,57,Río Bueno,0.0
1158,58,Río Bueno,2400.0
1159,59,Río Bueno,-0.0
1160,60,Río Bueno,-0.0
1161,61,Río Bueno,-0.0
1162,62,Río Bueno,0.0
1163,63,Río Bueno,0.0
1164,64,Río Bueno,-0.0
1165,65,Río Bueno,0.0
1166,66,Río Bueno,-0.0
1167,67,Río Bueno,0.0
1168,68,Río Bueno,0.0
1169,69,Río Bueno,-0.0
1170,70,Río Bueno,0.0
1171,71,Río Bueno,-0.0
1172,72,Río Bueno,0.0
1173,73,Río Bueno,0.0
1174,74,Río Bueno,0.0
1175,75,Río Bueno,0.0
1176,76,Río Bueno,0.0
1177,77,Río Bueno,1200.0
1178,78,Río Bueno,0.0
1179,79,Río Bueno,-0.0
1180,80,Río Bueno,0.0
1181,81,Río Bueno,0.0
1182,82,Río Bueno,0.0
1183,83,Río Bueno,0.0
1184,84,Río Bueno,0.0
1185,85,Río Bueno,-0.0
1186,86,Río Bueno,-0.0
1187,87,Río Bueno,0.0
1188,88,Río Bueno,-0.0
1189,89,Río Bueno,0.0
1190,90,Río Bueno,0.0
1191,91,Río Bueno,0.0
1192,92,Río Bueno,0.0
1193,93,Río Bueno,0.0
1194,94,Río Bueno,400.0
1195,95,Río Bueno,0.0
1196,96,Río Bueno,-0.0
1197,97,Río Bueno,2400.0
1198,98,Río Bueno,-0.0
1199,99,Río Bueno,2400.0
