,comuna,dia,value
0,Antofagasta,0,1.0
1,Antofagasta,1,1.0
2,Antofagasta,2,1.0
3,Antofagasta,3,1.0
4,Antofagasta,4,1.0
5,Antofagasta,5,1.0
6,Antofagasta,6,1.0
7,Antofagasta,7,1.0
8,Antofagasta,8,1.0
9,Antofagasta,9,1.0
10,Antofagasta,10,1.0
11,Antofagasta,11,1.0
12,Antofagasta,12,1.0
13,Antofagasta,13,1.0
14,Antofagasta,14,1.0
15,Antofagasta,15,1.0
16,Antofagasta,16,1.0
17,Antofagasta,17,1.0
18,Antofagasta,18,1.0
19,Antofagasta,19,1.0
20,Antofagasta,20,1.0
21,Antofagasta,21,1.0
22,Antofagasta,22,1.0
23,Antofagasta,23,1.0
24,Antofagasta,24,1.0
25,Antofagasta,25,1.0
26,Antofagasta,26,1.0
27,Antofagasta,27,1.0
28,Antofagasta,28,1.0
29,Antofagasta,29,1.0
30,Antofagasta,30,1.0
31,Antofagasta,31,1.0
32,Antofagasta,32,1.0
33,Antofagasta,33,1.0
34,Antofagasta,34,1.0
35,Antofagasta,35,1.0
36,Antofagasta,36,1.0
37,Antofagasta,37,1.0
38,Antofagasta,38,1.0
39,Antofagasta,39,1.0
40,Antofagasta,40,1.0
41,Antofagasta,41,1.0
42,Antofagasta,42,1.0
43,Antofagasta,43,1.0
44,Antofagasta,44,1.0
45,Antofagasta,45,1.0
46,Antofagasta,46,1.0
47,Antofagasta,47,1.0
48,Antofagasta,48,1.0
49,Antofagasta,49,1.0
50,Antofagasta,50,1.0
51,Antofagasta,51,1.0
52,Antofagasta,52,1.0
53,Antofagasta,53,1.0
54,Antofagasta,54,1.0
55,Antofagasta,55,1.0
56,Antofagasta,56,1.0
57,Antofagasta,57,1.0
58,Antofagasta,58,1.0
59,Antofagasta,59,1.0
60,Antofagasta,60,1.0
61,Antofagasta,61,1.0
62,Antofagasta,62,1.0
63,Antofagasta,63,1.0
64,Antofagasta,64,1.0
65,Antofagasta,65,1.0
66,Antofagasta,66,1.0
67,Antofagasta,67,1.0
68,Antofagasta,68,1.0
69,Antofagasta,69,1.0
70,Antofagasta,70,1.0
71,Antofagasta,71,1.0
72,Antofagasta,72,1.0
73,Antofagasta,73,1.0
74,Antofagasta,74,1.0
75,Antofagasta,75,1.0
76,Antofagasta,76,1.0
77,Antofagasta,77,1.0
78,Antofagasta,78,1.0
79,Antofagasta,79,1.0
80,Antofagasta,80,1.0
81,Antofagasta,81,1.0
82,Antofagasta,82,1.0
83,Antofagasta,83,1.0
84,Antofagasta,84,1.0
85,Antofagasta,85,1.0
86,Antofagasta,86,1.0
87,Antofagasta,87,1.0
88,Antofagasta,88,1.0
89,Antofagasta,89,1.0
90,Antofagasta,90,1.0
91,Antofagasta,91,1.0
92,Antofagasta,92,1.0
93,Antofagasta,93,1.0
94,Antofagasta,94,1.0
95,Antofagasta,95,1.0
96,Antofagasta,96,1.0
97,Antofagasta,97,1.0
98,Antofagasta,98,1.0
99,Antofagasta,99,1.0
100,Mejillones,0,1.0
101,Mejillones,1,1.0
102,Mejillones,2,1.0
103,Mejillones,3,1.0
104,Mejillones,4,1.0
105,Mejillones,5,1.0
106,Mejillones,6,1.0
107,Mejillones,7,1.0
108,Mejillones,8,1.0
109,Mejillones,9,1.0
110,Mejillones,10,1.0
111,Mejillones,11,1.0
112,Mejillones,12,1.0
113,Mejillones,13,1.0
114,Mejillones,14,1.0
115,Mejillones,15,1.0
116,Mejillones,16,1.0
117,Mejillones,17,1.0
118,Mejillones,18,1.0
119,Mejillones,19,1.0
120,Mejillones,20,1.0
121,Mejillones,21,1.0
122,Mejillones,22,1.0
123,Mejillones,23,1.0
124,Mejillones,24,-0.0
125,Mejillones,25,-0.0
126,Mejillones,26,1.0
127,Mejillones,27,1.0
128,Mejillones,28,1.0
129,Mejillones,29,1.0
130,Mejillones,30,1.0
131,Mejillones,31,1.0
132,Mejillones,32,1.0
133,Mejillones,33,1.0
134,Mejillones,34,1.0
135,Mejillones,35,1.0
136,Mejillones,36,1.0
137,Mejillones,37,1.0
138,Mejillones,38,1.0
139,Mejillones,39,1.0
140,Mejillones,40,1.0
141,Mejillones,41,1.0
142,Mejillones,42,1.0
143,Mejillones,43,1.0
144,Mejillones,44,1.0
145,Mejillones,45,1.0
146,Mejillones,46,1.0
147,Mejillones,47,1.0
148,Mejillones,48,1.0
149,Mejillones,49,1.0
150,Mejillones,50,1.0
151,Mejillones,51,1.0
152,Mejillones,52,1.0
153,Mejillones,53,1.0
154,Mejillones,54,1.0
155,Mejillones,55,1.0
156,Mejillones,56,1.0
157,Mejillones,57,1.0
158,Mejillones,58,1.0
159,Mejillones,59,1.0
160,Mejillones,60,0.0
161,Mejillones,61,0.0
162,Mejillones,62,-0.0
163,Mejillones,63,-0.0
164,Mejillones,64,1.0
165,Mejillones,65,1.0
166,Mejillones,66,1.0
167,Mejillones,67,1.0
168,Mejillones,68,-0.0
169,Mejillones,69,-0.0
170,Mejillones,70,-0.0
171,Mejillones,71,1.0
172,Mejillones,72,1.0
173,Mejillones,73,1.0
174,Mejillones,74,1.0
175,Mejillones,75,1.0
176,Mejillones,76,1.0
177,Mejillones,77,1.0
178,Mejillones,78,1.0
179,Mejillones,79,1.0
180,Mejillones,80,1.0
181,Mejillones,81,1.0
182,Mejillones,82,1.0
183,Mejillones,83,1.0
184,Mejillones,84,1.0
185,Mejillones,85,1.0
186,Mejillones,86,1.0
187,Mejillones,87,1.0
188,Mejillones,88,1.0
189,Mejillones,89,1.0
190,Mejillones,90,1.0
191,Mejillones,91,1.0
192,Mejillones,92,-0.0
193,Mejillones,93,1.0
194,Mejillones,94,1.0
195,Mejillones,95,1.0
196,Mejillones,96,1.0
197,Mejillones,97,1.0
198,Mejillones,98,1.0
199,Mejillones,99,1.0
200,Sierra Gorda,0,0.9999999999997453
201,Sierra Gorda,1,0.0
202,Sierra Gorda,2,0.0
203,Sierra Gorda,3,-0.0
204,Sierra Gorda,4,-0.0
205,Sierra Gorda,5,-0.0
206,Sierra Gorda,6,-0.0
207,Sierra Gorda,7,-0.0
208,Sierra Gorda,8,-0.0
209,Sierra Gorda,9,-0.0
210,Sierra Gorda,10,-0.0
211,Sierra Gorda,11,-0.0
212,Sierra Gorda,12,-0.0
213,Sierra Gorda,13,-0.0
214,Sierra Gorda,14,-0.0
215,Sierra Gorda,15,-0.0
216,Sierra Gorda,16,-0.0
217,Sierra Gorda,17,-0.0
218,Sierra Gorda,18,-0.0
219,Sierra Gorda,19,-0.0
220,Sierra Gorda,20,-0.0
221,Sierra Gorda,21,-0.0
222,Sierra Gorda,22,-0.0
223,Sierra Gorda,23,-0.0
224,Sierra Gorda,24,-0.0
225,Sierra Gorda,25,-0.0
226,Sierra Gorda,26,-0.0
227,Sierra Gorda,27,-0.0
228,Sierra Gorda,28,-0.0
229,Sierra Gorda,29,-0.0
230,Sierra Gorda,30,-0.0
231,Sierra Gorda,31,-0.0
232,Sierra Gorda,32,-0.0
233,Sierra Gorda,33,-0.0
234,Sierra Gorda,34,-0.0
235,Sierra Gorda,35,-0.0
236,Sierra Gorda,36,-0.0
237,Sierra Gorda,37,-0.0
238,Sierra Gorda,38,-0.0
239,Sierra Gorda,39,-0.0
240,Sierra Gorda,40,-0.0
241,Sierra Gorda,41,-0.0
242,Sierra Gorda,42,-0.0
243,Sierra Gorda,43,-0.0
244,Sierra Gorda,44,-0.0
245,Sierra Gorda,45,-0.0
246,Sierra Gorda,46,-0.0
247,Sierra Gorda,47,-0.0
248,Sierra Gorda,48,-0.0
249,Sierra Gorda,49,-0.0
250,Sierra Gorda,50,-0.0
251,Sierra Gorda,51,-0.0
252,Sierra Gorda,52,-0.0
253,Sierra Gorda,53,-0.0
254,Sierra Gorda,54,-0.0
255,Sierra Gorda,55,-0.0
256,Sierra Gorda,56,-0.0
257,Sierra Gorda,57,-0.0
258,Sierra Gorda,58,-0.0
259,Sierra Gorda,59,-0.0
260,Sierra Gorda,60,-0.0
261,Sierra Gorda,61,-0.0
262,Sierra Gorda,62,-0.0
263,Sierra Gorda,63,-0.0
264,Sierra Gorda,64,-0.0
265,Sierra Gorda,65,-0.0
266,Sierra Gorda,66,-0.0
267,Sierra Gorda,67,-0.0
268,Sierra Gorda,68,-0.0
269,Sierra Gorda,69,-0.0
270,Sierra Gorda,70,-0.0
271,Sierra Gorda,71,-0.0
272,Sierra Gorda,72,-0.0
273,Sierra Gorda,73,-0.0
274,Sierra Gorda,74,-0.0
275,Sierra Gorda,75,-0.0
276,Sierra Gorda,76,-0.0
277,Sierra Gorda,77,-0.0
278,Sierra Gorda,78,-0.0
279,Sierra Gorda,79,-0.0
280,Sierra Gorda,80,-0.0
281,Sierra Gorda,81,-0.0
282,Sierra Gorda,82,-0.0
283,Sierra Gorda,83,-0.0
284,Sierra Gorda,84,-0.0
285,Sierra Gorda,85,-0.0
286,Sierra Gorda,86,-0.0
287,Sierra Gorda,87,-0.0
288,Sierra Gorda,88,-0.0
289,Sierra Gorda,89,-0.0
290,Sierra Gorda,90,-0.0
291,Sierra Gorda,91,-0.0
292,Sierra Gorda,92,-0.0
293,Sierra Gorda,93,-0.0
294,Sierra Gorda,94,-0.0
295,Sierra Gorda,95,-0.0
296,Sierra Gorda,96,-0.0
297,Sierra Gorda,97,-0.0
298,Sierra Gorda,98,-0.0
299,Sierra Gorda,99,-0.0
300,Taltal,0,1.0
301,Taltal,1,1.0
302,Taltal,2,1.0
303,Taltal,3,1.0
304,Taltal,4,1.0
305,Taltal,5,1.0
306,Taltal,6,1.0
307,Taltal,7,1.0
308,Taltal,8,1.0
309,Taltal,9,1.0
310,Taltal,10,1.0
311,Taltal,11,1.0
312,Taltal,12,1.0
313,Taltal,13,1.0
314,Taltal,14,1.0
315,Taltal,15,1.0
316,Taltal,16,1.0
317,Taltal,17,1.0
318,Taltal,18,1.0
319,Taltal,19,1.0
320,Taltal,20,1.0
321,Taltal,21,1.0
322,Taltal,22,1.0
323,Taltal,23,1.0
324,Taltal,24,1.0
325,Taltal,25,1.0
326,Taltal,26,1.0
327,Taltal,27,1.0
328,Taltal,28,1.0
329,Taltal,29,1.0
330,Taltal,30,1.0
331,Taltal,31,-0.0
332,Taltal,32,-0.0
333,Taltal,33,-0.0
334,Taltal,34,-0.0
335,Taltal,35,1.0
336,Taltal,36,-0.0
337,Taltal,37,-0.0
338,Taltal,38,-0.0
339,Taltal,39,-0.0
340,Taltal,40,-0.0
341,Taltal,41,-0.0
342,Taltal,42,-0.0
343,Taltal,43,-0.0
344,Taltal,44,-0.0
345,Taltal,45,-0.0
346,Taltal,46,-0.0
347,Taltal,47,-0.0
348,Taltal,48,1.0
349,Taltal,49,1.0
350,Taltal,50,1.0
351,Taltal,51,1.0
352,Taltal,52,1.0
353,Taltal,53,1.0
354,Taltal,54,1.0
355,Taltal,55,-0.0
356,Taltal,56,-0.0
357,Taltal,57,-0.0
358,Taltal,58,-0.0
359,Taltal,59,-0.0
360,Taltal,60,-0.0
361,Taltal,61,-0.0
362,Taltal,62,-0.0
363,Taltal,63,-0.0
364,Taltal,64,-0.0
365,Taltal,65,-0.0
366,Taltal,66,-0.0
367,Taltal,67,-0.0
368,Taltal,68,-0.0
369,Taltal,69,-0.0
370,Taltal,70,1.0
371,Taltal,71,1.0
372,Taltal,72,1.0
373,Taltal,73,1.0
374,Taltal,74,1.0
375,Taltal,75,1.0
376,Taltal,76,-0.0
377,Taltal,77,-0.0
378,Taltal,78,-0.0
379,Taltal,79,1.0
380,Taltal,80,-0.0
381,Taltal,81,-0.0
382,Taltal,82,-0.0
383,Taltal,83,-0.0
384,Taltal,84,-0.0
385,Taltal,85,-0.0
386,Taltal,86,1.0
387,Taltal,87,1.0
388,Taltal,88,1.0
389,Taltal,89,1.0
390,Taltal,90,1.0
391,Taltal,91,1.0
392,Taltal,92,1.0
393,Taltal,93,1.0
394,Taltal,94,1.0
395,Taltal,95,1.0
396,Taltal,96,1.0
397,Taltal,97,1.0
398,Taltal,98,-0.0
399,Taltal,99,-0.0
400,Calama,0,1.0
401,Calama,1,1.0
402,Calama,2,1.0
403,Calama,3,1.0
404,Calama,4,1.0
405,Calama,5,1.0
406,Calama,6,1.0
407,Calama,7,1.0
408,Calama,8,1.0
409,Calama,9,1.0
410,Calama,10,1.0
411,Calama,11,1.0
412,Calama,12,1.0
413,Calama,13,1.0
414,Calama,14,1.0
415,Calama,15,1.0
416,Calama,16,1.0
417,Calama,17,1.0
418,Calama,18,1.0
419,Calama,19,1.0
420,Calama,20,1.0
421,Calama,21,1.0
422,Calama,22,1.0
423,Calama,23,1.0
424,Calama,24,1.0
425,Calama,25,1.0
426,Calama,26,1.0
427,Calama,27,1.0
428,Calama,28,1.0
429,Calama,29,1.0
430,Calama,30,1.0
431,Calama,31,1.0
432,Calama,32,1.0
433,Calama,33,1.0
434,Calama,34,1.0
435,Calama,35,1.0
436,Calama,36,1.0
437,Calama,37,1.0
438,Calama,38,1.0
439,Calama,39,1.0
440,Calama,40,1.0
441,Calama,41,1.0
442,Calama,42,1.0
443,Calama,43,1.0
444,Calama,44,1.0
445,Calama,45,1.0
446,Calama,46,1.0
447,Calama,47,1.0
448,Calama,48,1.0
449,Calama,49,1.0
450,Calama,50,1.0
451,Calama,51,1.0
452,Calama,52,1.0
453,Calama,53,1.0
454,Calama,54,1.0
455,Calama,55,1.0
456,Calama,56,1.0
457,Calama,57,1.0
458,Calama,58,1.0
459,Calama,59,1.0
460,Calama,60,1.0
461,Calama,61,1.0
462,Calama,62,1.0
463,Calama,63,1.0
464,Calama,64,1.0
465,Calama,65,1.0
466,Calama,66,1.0
467,Calama,67,1.0
468,Calama,68,1.0
469,Calama,69,1.0
470,Calama,70,1.0
471,Calama,71,1.0
472,Calama,72,1.0
473,Calama,73,1.0
474,Calama,74,1.0
475,Calama,75,1.0
476,Calama,76,1.0
477,Calama,77,1.0
478,Calama,78,1.0
479,Calama,79,1.0
480,Calama,80,1.0
481,Calama,81,1.0
482,Calama,82,1.0
483,Calama,83,1.0
484,Calama,84,1.0
485,Calama,85,1.0
486,Calama,86,1.0
487,Calama,87,1.0
488,Calama,88,1.0
489,Calama,89,1.0
490,Calama,90,1.0
491,Calama,91,1.0
492,Calama,92,1.0
493,Calama,93,1.0
494,Calama,94,1.0
495,Calama,95,1.0
496,Calama,96,1.0
497,Calama,97,1.0
498,Calama,98,1.0
499,Calama,99,1.0
500,Ollagüe,0,0.9999999999998551
501,Ollagüe,1,0.0
502,Ollagüe,2,-0.0
503,Ollagüe,3,-0.0
504,Ollagüe,4,-0.0
505,Ollagüe,5,-0.0
506,Ollagüe,6,-0.0
507,Ollagüe,7,-0.0
508,Ollagüe,8,-0.0
509,Ollagüe,9,-0.0
510,Ollagüe,10,-0.0
511,Ollagüe,11,-0.0
512,Ollagüe,12,-0.0
513,Ollagüe,13,-0.0
514,Ollagüe,14,-0.0
515,Ollagüe,15,-0.0
516,Ollagüe,16,-0.0
517,Ollagüe,17,-0.0
518,Ollagüe,18,-0.0
519,Ollagüe,19,-0.0
520,Ollagüe,20,-0.0
521,Ollagüe,21,-0.0
522,Ollagüe,22,-0.0
523,Ollagüe,23,-0.0
524,Ollagüe,24,-0.0
525,Ollagüe,25,-0.0
526,Ollagüe,26,-0.0
527,Ollagüe,27,-0.0
528,Ollagüe,28,-0.0
529,Ollagüe,29,-0.0
530,Ollagüe,30,-0.0
531,Ollagüe,31,-0.0
532,Ollagüe,32,-0.0
533,Ollagüe,33,-0.0
534,Ollagüe,34,0.0
535,Ollagüe,35,0.0
536,Ollagüe,36,0.0
537,Ollagüe,37,0.0
538,Ollagüe,38,0.0
539,Ollagüe,39,0.0
540,Ollagüe,40,-0.0
541,Ollagüe,41,-0.0
542,Ollagüe,42,0.0
543,Ollagüe,43,0.0
544,Ollagüe,44,-0.0
545,Ollagüe,45,-0.0
546,Ollagüe,46,-0.0
547,Ollagüe,47,0.0
548,Ollagüe,48,0.0
549,Ollagüe,49,-0.0
550,Ollagüe,50,-0.0
551,Ollagüe,51,-0.0
552,Ollagüe,52,-0.0
553,Ollagüe,53,-0.0
554,Ollagüe,54,-0.0
555,Ollagüe,55,-0.0
556,Ollagüe,56,-0.0
557,Ollagüe,57,-0.0
558,Ollagüe,58,-0.0
559,Ollagüe,59,-0.0
560,Ollagüe,60,1.0
561,Ollagüe,61,1.0
562,Ollagüe,62,1.0
563,Ollagüe,63,1.0
564,Ollagüe,64,1.0
565,Ollagüe,65,1.0
566,Ollagüe,66,1.0
567,Ollagüe,67,1.0
568,Ollagüe,68,1.0
569,Ollagüe,69,1.0
570,Ollagüe,70,1.0
571,Ollagüe,71,1.0
572,Ollagüe,72,1.0
573,Ollagüe,73,1.0
574,Ollagüe,74,1.0
575,Ollagüe,75,1.0
576,Ollagüe,76,1.0
577,Ollagüe,77,1.0
578,Ollagüe,78,1.0
579,Ollagüe,79,1.0
580,Ollagüe,80,1.0
581,Ollagüe,81,1.0
582,Ollagüe,82,1.0
583,Ollagüe,83,1.0
584,Ollagüe,84,1.0
585,Ollagüe,85,1.0
586,Ollagüe,86,1.0
587,Ollagüe,87,1.0
588,Ollagüe,88,1.0
589,Ollagüe,89,1.0
590,Ollagüe,90,1.0
591,Ollagüe,91,1.0
592,Ollagüe,92,1.0
593,Ollagüe,93,1.0
594,Ollagüe,94,1.0
595,Ollagüe,95,1.0
596,Ollagüe,96,1.0
597,Ollagüe,97,1.0
598,Ollagüe,98,1.0
599,Ollagüe,99,1.0
600,San Pedro de Atacama,0,1.0
601,San Pedro de Atacama,1,1.0
602,San Pedro de Atacama,2,1.0
603,San Pedro de Atacama,3,1.0
604,San Pedro de Atacama,4,1.0
605,San Pedro de Atacama,5,1.0
606,San Pedro de Atacama,6,1.0
607,San Pedro de Atacama,7,1.0
608,San Pedro de Atacama,8,1.0
609,San Pedro de Atacama,9,1.0
610,San Pedro de Atacama,10,1.0
611,San Pedro de Atacama,11,1.0
612,San Pedro de Atacama,12,1.0
613,San Pedro de Atacama,13,1.0
614,San Pedro de Atacama,14,1.0
615,San Pedro de Atacama,15,1.0
616,San Pedro de Atacama,16,1.0
617,San Pedro de Atacama,17,1.0
618,San Pedro de Atacama,18,1.0
619,San Pedro de Atacama,19,1.0
620,San Pedro de Atacama,20,1.0
621,San Pedro de Atacama,21,1.0
622,San Pedro de Atacama,22,1.0
623,San Pedro de Atacama,23,1.0
624,San Pedro de Atacama,24,1.0
625,San Pedro de Atacama,25,1.0
626,San Pedro de Atacama,26,1.0
627,San Pedro de Atacama,27,1.0
628,San Pedro de Atacama,28,1.0
629,San Pedro de Atacama,29,1.0
630,San Pedro de Atacama,30,1.0
631,San Pedro de Atacama,31,1.0
632,San Pedro de Atacama,32,1.0
633,San Pedro de Atacama,33,1.0
634,San Pedro de Atacama,34,1.0
635,San Pedro de Atacama,35,1.0
636,San Pedro de Atacama,36,1.0
637,San Pedro de Atacama,37,1.0
638,San Pedro de Atacama,38,1.0
639,San Pedro de Atacama,39,1.0
640,San Pedro de Atacama,40,1.0
641,San Pedro de Atacama,41,1.0
642,San Pedro de Atacama,42,1.0
643,San Pedro de Atacama,43,1.0
644,San Pedro de Atacama,44,1.0
645,San Pedro de Atacama,45,1.0
646,San Pedro de Atacama,46,1.0
647,San Pedro de Atacama,47,1.0
648,San Pedro de Atacama,48,1.0
649,San Pedro de Atacama,49,1.0
650,San Pedro de Atacama,50,1.0
651,San Pedro de Atacama,51,1.0
652,San Pedro de Atacama,52,1.0
653,San Pedro de Atacama,53,1.0
654,San Pedro de Atacama,54,1.0
655,San Pedro de Atacama,55,1.0
656,San Pedro de Atacama,56,1.0
657,San Pedro de Atacama,57,1.0
658,San Pedro de Atacama,58,1.0
659,San Pedro de Atacama,59,1.0
660,San Pedro de Atacama,60,1.0
661,San Pedro de Atacama,61,1.0
662,San Pedro de Atacama,62,1.0
663,San Pedro de Atacama,63,1.0
664,San Pedro de Atacama,64,1.0
665,San Pedro de Atacama,65,1.0
666,San Pedro de Atacama,66,1.0
667,San Pedro de Atacama,67,1.0
668,San Pedro de Atacama,68,1.0
669,San Pedro de Atacama,69,1.0
670,San Pedro de Atacama,70,1.0
671,San Pedro de Atacama,71,1.0
672,San Pedro de Atacama,72,1.0
673,San Pedro de Atacama,73,1.0
674,San Pedro de Atacama,74,-0.0
675,San Pedro de Atacama,75,1.0
676,San Pedro de Atacama,76,1.0
677,San Pedro de Atacama,77,1.0
678,San Pedro de Atacama,78,1.0
679,San Pedro de Atacama,79,1.0
680,San Pedro de Atacama,80,1.0
681,San Pedro de Atacama,81,1.0
682,San Pedro de Atacama,82,1.0
683,San Pedro de Atacama,83,1.0
684,San Pedro de Atacama,84,1.0
685,San Pedro de Atacama,85,1.0
686,San Pedro de Atacama,86,1.0
687,San Pedro de Atacama,87,1.0
688,San Pedro de Atacama,88,1.0
689,San Pedro de Atacama,89,1.0
690,San Pedro de Atacama,90,1.0
691,San Pedro de Atacama,91,1.0
692,San Pedro de Atacama,92,1.0
693,San Pedro de Atacama,93,1.0
694,San Pedro de Atacama,94,1.0
695,San Pedro de Atacama,95,1.0
696,San Pedro de Atacama,96,1.0
697,San Pedro de Atacama,97,1.0
698,San Pedro de Atacama,98,1.0
699,San Pedro de Atacama,99,-0.0
700,Tocopilla,0,1.0
701,Tocopilla,1,1.0
702,Tocopilla,2,1.0
703,Tocopilla,3,1.0
704,Tocopilla,4,1.0
705,Tocopilla,5,1.0
706,Tocopilla,6,1.0
707,Tocopilla,7,1.0
708,Tocopilla,8,1.0
709,Tocopilla,9,1.0
710,Tocopilla,10,1.0
711,Tocopilla,11,1.0
712,Tocopilla,12,1.0
713,Tocopilla,13,1.0
714,Tocopilla,14,1.0
715,Tocopilla,15,1.0
716,Tocopilla,16,1.0
717,Tocopilla,17,1.0
718,Tocopilla,18,1.0
719,Tocopilla,19,1.0
720,Tocopilla,20,1.0
721,Tocopilla,21,1.0
722,Tocopilla,22,1.0
723,Tocopilla,23,1.0
724,Tocopilla,24,1.0
725,Tocopilla,25,1.0
726,Tocopilla,26,1.0
727,Tocopilla,27,1.0
728,Tocopilla,28,1.0
729,Tocopilla,29,1.0
730,Tocopilla,30,1.0
731,Tocopilla,31,1.0
732,Tocopilla,32,1.0
733,Tocopilla,33,1.0
734,Tocopilla,34,1.0
735,Tocopilla,35,1.0
736,Tocopilla,36,1.0
737,Tocopilla,37,1.0
738,Tocopilla,38,1.0
739,Tocopilla,39,1.0
740,Tocopilla,40,1.0
741,Tocopilla,41,1.0
742,Tocopilla,42,1.0
743,Tocopilla,43,1.0
744,Tocopilla,44,1.0
745,Tocopilla,45,1.0
746,Tocopilla,46,1.0
747,Tocopilla,47,1.0
748,Tocopilla,48,1.0
749,Tocopilla,49,1.0
750,Tocopilla,50,1.0
751,Tocopilla,51,1.0
752,Tocopilla,52,1.0
753,Tocopilla,53,1.0
754,Tocopilla,54,1.0
755,Tocopilla,55,1.0
756,Tocopilla,56,1.0
757,Tocopilla,57,1.0
758,Tocopilla,58,1.0
759,Tocopilla,59,1.0
760,Tocopilla,60,1.0
761,Tocopilla,61,1.0
762,Tocopilla,62,1.0
763,Tocopilla,63,1.0
764,Tocopilla,64,1.0
765,Tocopilla,65,1.0
766,Tocopilla,66,1.0
767,Tocopilla,67,1.0
768,Tocopilla,68,1.0
769,Tocopilla,69,1.0
770,Tocopilla,70,1.0
771,Tocopilla,71,1.0
772,Tocopilla,72,1.0
773,Tocopilla,73,1.0
774,Tocopilla,74,1.0
775,Tocopilla,75,1.0
776,Tocopilla,76,1.0
777,Tocopilla,77,1.0
778,Tocopilla,78,-0.0
779,Tocopilla,79,1.0
780,Tocopilla,80,1.0
781,Tocopilla,81,1.0
782,Tocopilla,82,1.0
783,Tocopilla,83,1.0
784,Tocopilla,84,1.0
785,Tocopilla,85,1.0
786,Tocopilla,86,1.0
787,Tocopilla,87,-0.0
788,Tocopilla,88,-0.0
789,Tocopilla,89,-0.0
790,Tocopilla,90,-0.0
791,Tocopilla,91,-0.0
792,Tocopilla,92,1.0
793,Tocopilla,93,1.0
794,Tocopilla,94,1.0
795,Tocopilla,95,-0.0
796,Tocopilla,96,-0.0
797,Tocopilla,97,-0.0
798,Tocopilla,98,1.0
799,Tocopilla,99,1.0
800,María Elena,0,1.0
801,María Elena,1,-0.0
802,María Elena,2,-0.0
803,María Elena,3,-0.0
804,María Elena,4,-0.0
805,María Elena,5,-0.0
806,María Elena,6,-0.0
807,María Elena,7,-0.0
808,María Elena,8,-0.0
809,María Elena,9,-0.0
810,María Elena,10,-0.0
811,María Elena,11,-0.0
812,María Elena,12,-0.0
813,María Elena,13,-0.0
814,María Elena,14,-0.0
815,María Elena,15,-0.0
816,María Elena,16,-0.0
817,María Elena,17,-0.0
818,María Elena,18,-0.0
819,María Elena,19,-0.0
820,María Elena,20,-0.0
821,María Elena,21,-0.0
822,María Elena,22,-0.0
823,María Elena,23,-0.0
824,María Elena,24,-0.0
825,María Elena,25,-0.0
826,María Elena,26,1.0
827,María Elena,27,1.0
828,María Elena,28,1.0
829,María Elena,29,1.0
830,María Elena,30,1.0
831,María Elena,31,1.0
832,María Elena,32,1.0
833,María Elena,33,1.0
834,María Elena,34,-0.0
835,María Elena,35,-0.0
836,María Elena,36,-0.0
837,María Elena,37,-0.0
838,María Elena,38,-0.0
839,María Elena,39,-0.0
840,María Elena,40,-0.0
841,María Elena,41,-0.0
842,María Elena,42,-0.0
843,María Elena,43,-0.0
844,María Elena,44,-0.0
845,María Elena,45,1.0
846,María Elena,46,1.0
847,María Elena,47,1.0
848,María Elena,48,1.0
849,María Elena,49,1.0
850,María Elena,50,1.0
851,María Elena,51,1.0
852,María Elena,52,1.0
853,María Elena,53,1.0
854,María Elena,54,1.0
855,María Elena,55,1.0
856,María Elena,56,1.0
857,María Elena,57,-0.0
858,María Elena,58,-0.0
859,María Elena,59,-0.0
860,María Elena,60,-0.0
861,María Elena,61,-0.0
862,María Elena,62,-0.0
863,María Elena,63,-0.0
864,María Elena,64,-0.0
865,María Elena,65,-0.0
866,María Elena,66,-0.0
867,María Elena,67,-0.0
868,María Elena,68,1.0
869,María Elena,69,1.0
870,María Elena,70,1.0
871,María Elena,71,1.0
872,María Elena,72,-0.0
873,María Elena,73,-0.0
874,María Elena,74,-0.0
875,María Elena,75,-0.0
876,María Elena,76,-0.0
877,María Elena,77,-0.0
878,María Elena,78,1.0
879,María Elena,79,-0.0
880,María Elena,80,-0.0
881,María Elena,81,-0.0
882,María Elena,82,-0.0
883,María Elena,83,-0.0
884,María Elena,84,-0.0
885,María Elena,85,-0.0
886,María Elena,86,-0.0
887,María Elena,87,-0.0
888,María Elena,88,-0.0
889,María Elena,89,-0.0
890,María Elena,90,-0.0
891,María Elena,91,-0.0
892,María Elena,92,-0.0
893,María Elena,93,-0.0
894,María Elena,94,-0.0
895,María Elena,95,-0.0
896,María Elena,96,-0.0
897,María Elena,97,-0.0
898,María Elena,98,-0.0
899,María Elena,99,-0.0
