,dia,comuna,value
0,0,Antofagasta,-0.0
1,1,Antofagasta,-0.0
2,2,Antofagasta,-0.0
3,3,Antofagasta,-0.0
4,4,Antofagasta,-0.0
5,5,Antofagasta,-0.0
6,6,Antofagasta,2400.0
7,7,Antofagasta,2000.0
8,8,Antofagasta,-0.0
9,9,Antofagasta,800.0
10,10,Antofagasta,800.0
11,11,Antofagasta,-0.0
12,12,Antofagasta,-0.0
13,13,Antofagasta,-0.0
14,14,Antofagasta,1600.0
15,15,Antofagasta,2000.0
16,16,Antofagasta,2000.0
17,17,Antofagasta,-0.0
18,18,Antofagasta,1600.0
19,19,Antofagasta,2000.0
20,20,Antofagasta,1200.0
21,21,Antofagasta,800.0
22,22,Antofagasta,2000.0
23,23,Antofagasta,1200.0
24,24,Antofagasta,1600.0
25,25,Antofagasta,400.0
26,26,Antofagasta,2400.0
27,27,Antofagasta,2400.0
28,28,Antofagasta,400.0
29,29,Antofagasta,2000.0
30,30,Antofagasta,800.0
31,31,Antofagasta,800.0
32,32,Antofagasta,1600.0
33,33,Antofagasta,2000.0
34,34,Antofagasta,800.0
35,35,Antofagasta,1600.0
36,36,Antofagasta,1200.0
37,37,Antofagasta,1200.0
38,38,Antofagasta,1200.0
39,39,Antofagasta,800.0
40,40,Antofagasta,400.0
41,41,Antofagasta,1600.0
42,42,Antofagasta,2000.0
43,43,Antofagasta,1600.0
44,44,Antofagasta,-0.0
45,45,Antofagasta,800.0
46,46,Antofagasta,1600.0
47,47,Antofagasta,400.0
48,48,Antofagasta,2000.0
49,49,Antofagasta,800.0
50,50,Antofagasta,2000.0
51,51,Antofagasta,1600.0
52,52,Antofagasta,1600.0
53,53,Antofagasta,2000.0
54,54,Antofagasta,800.0
55,55,Antofagasta,800.0
56,56,Antofagasta,-0.0
57,57,Antofagasta,400.0
58,58,Antofagasta,1600.0
59,59,Antofagasta,-0.0
60,60,Antofagasta,2000.0
61,61,Antofagasta,1600.0
62,62,Antofagasta,800.0
63,63,Antofagasta,400.0
64,64,Antofagasta,2400.0
65,65,Antofagasta,1600.0
66,66,Antofagasta,1200.0
67,67,Antofagasta,400.0
68,68,Antofagasta,400.0
69,69,Antofagasta,400.0
70,70,Antofagasta,800.0
71,71,Antofagasta,800.0
72,72,Antofagasta,-0.0
73,73,Antofagasta,800.0
74,74,Antofagasta,400.0
75,75,Antofagasta,-0.0
76,76,Antofagasta,800.0
77,77,Antofagasta,-0.0
78,78,Antofagasta,800.0
79,79,Antofagasta,800.0
80,80,Antofagasta,1600.0
81,81,Antofagasta,2400.0
82,82,Antofagasta,2400.0
83,83,Antofagasta,2000.0
84,84,Antofagasta,1600.0
85,85,Antofagasta,1200.0
86,86,Antofagasta,2000.0
87,87,Antofagasta,2400.0
88,88,Antofagasta,2000.0
89,89,Antofagasta,2400.0
90,90,Antofagasta,2400.0
91,91,Antofagasta,400.0
92,92,Antofagasta,800.0
93,93,Antofagasta,1600.0
94,94,Antofagasta,1600.0
95,95,Antofagasta,1600.0
96,96,Antofagasta,1200.0
97,97,Antofagasta,800.0
98,98,Antofagasta,1200.0
99,99,Antofagasta,0.0
100,0,Mejillones,-0.0
101,1,Mejillones,-0.0
102,2,Mejillones,-0.0
103,3,Mejillones,-0.0
104,4,Mejillones,-0.0
105,5,Mejillones,-0.0
106,6,Mejillones,-0.0
107,7,Mejillones,-0.0
108,8,Mejillones,-0.0
109,9,Mejillones,-0.0
110,10,Mejillones,400.0
111,11,Mejillones,-0.0
112,12,Mejillones,-0.0
113,13,Mejillones,-0.0
114,14,Mejillones,-0.0
115,15,Mejillones,-0.0
116,16,Mejillones,400.0
117,17,Mejillones,-0.0
118,18,Mejillones,-0.0
119,19,Mejillones,398.0
120,20,Mejillones,800.0
121,21,Mejillones,-0.0
122,22,Mejillones,-0.0
123,23,Mejillones,400.0
124,24,Mejillones,-0.0
125,25,Mejillones,-0.0
126,26,Mejillones,-0.0
127,27,Mejillones,-0.0
128,28,Mejillones,-0.0
129,29,Mejillones,-0.0
130,30,Mejillones,-0.0
131,31,Mejillones,-0.0
132,32,Mejillones,-0.0
133,33,Mejillones,-0.0
134,34,Mejillones,-0.0
135,35,Mejillones,-0.0
136,36,Mejillones,-0.0
137,37,Mejillones,-0.0
138,38,Mejillones,-0.0
139,39,Mejillones,-0.0
140,40,Mejillones,-0.0
141,41,Mejillones,-0.0
142,42,Mejillones,-0.0
143,43,Mejillones,-0.0
144,44,Mejillones,-0.0
145,45,Mejillones,-0.0
146,46,Mejillones,-0.0
147,47,Mejillones,-0.0
148,48,Mejillones,-0.0
149,49,Mejillones,-0.0
150,50,Mejillones,-0.0
151,51,Mejillones,-0.0
152,52,Mejillones,-0.0
153,53,Mejillones,-0.0
154,54,Mejillones,799.0
155,55,Mejillones,-0.0
156,56,Mejillones,400.0
157,57,Mejillones,-0.0
158,58,Mejillones,-0.0
159,59,Mejillones,397.0
160,60,Mejillones,-0.0
161,61,Mejillones,-0.0
162,62,Mejillones,-0.0
163,63,Mejillones,-0.0
164,64,Mejillones,-0.0
165,65,Mejillones,-0.0
166,66,Mejillones,-0.0
167,67,Mejillones,399.0
168,68,Mejillones,-0.0
169,69,Mejillones,-0.0
170,70,Mejillones,-0.0
171,71,Mejillones,-0.0
172,72,Mejillones,-0.0
173,73,Mejillones,-0.0
174,74,Mejillones,-0.0
175,75,Mejillones,-0.0
176,76,Mejillones,400.0
177,77,Mejillones,-0.0
178,78,Mejillones,-0.0
179,79,Mejillones,-0.0
180,80,Mejillones,-0.0
181,81,Mejillones,-0.0
182,82,Mejillones,-0.0
183,83,Mejillones,-0.0
184,84,Mejillones,-0.0
185,85,Mejillones,400.0
186,86,Mejillones,-0.0
187,87,Mejillones,-0.0
188,88,Mejillones,-0.0
189,89,Mejillones,-0.0
190,90,Mejillones,-0.0
191,91,Mejillones,800.0
192,92,Mejillones,-0.0
193,93,Mejillones,-0.0
194,94,Mejillones,-0.0
195,95,Mejillones,-0.0
196,96,Mejillones,-0.0
197,97,Mejillones,-0.0
198,98,Mejillones,-0.0
199,99,Mejillones,-0.0
200,0,Sierra Gorda,400.0
201,1,Sierra Gorda,0.0
202,2,Sierra Gorda,0.0
203,3,Sierra Gorda,0.0
204,4,Sierra Gorda,-0.0
205,5,Sierra Gorda,-0.0
206,6,Sierra Gorda,-0.0
207,7,Sierra Gorda,-0.0
208,8,Sierra Gorda,-0.0
209,9,Sierra Gorda,-0.0
210,10,Sierra Gorda,-0.0
211,11,Sierra Gorda,-0.0
212,12,Sierra Gorda,-0.0
213,13,Sierra Gorda,-0.0
214,14,Sierra Gorda,-0.0
215,15,Sierra Gorda,-0.0
216,16,Sierra Gorda,-0.0
217,17,Sierra Gorda,-0.0
218,18,Sierra Gorda,-0.0
219,19,Sierra Gorda,-0.0
220,20,Sierra Gorda,-0.0
221,21,Sierra Gorda,-0.0
222,22,Sierra Gorda,-0.0
223,23,Sierra Gorda,-0.0
224,24,Sierra Gorda,-0.0
225,25,Sierra Gorda,-0.0
226,26,Sierra Gorda,-0.0
227,27,Sierra Gorda,-0.0
228,28,Sierra Gorda,-0.0
229,29,Sierra Gorda,-0.0
230,30,Sierra Gorda,-0.0
231,31,Sierra Gorda,-0.0
232,32,Sierra Gorda,-0.0
233,33,Sierra Gorda,-0.0
234,34,Sierra Gorda,-0.0
235,35,Sierra Gorda,-0.0
236,36,Sierra Gorda,-0.0
237,37,Sierra Gorda,-0.0
238,38,Sierra Gorda,-0.0
239,39,Sierra Gorda,-0.0
240,40,Sierra Gorda,-0.0
241,41,Sierra Gorda,-0.0
242,42,Sierra Gorda,-0.0
243,43,Sierra Gorda,-0.0
244,44,Sierra Gorda,-0.0
245,45,Sierra Gorda,-0.0
246,46,Sierra Gorda,-0.0
247,47,Sierra Gorda,-0.0
248,48,Sierra Gorda,-0.0
249,49,Sierra Gorda,-0.0
250,50,Sierra Gorda,-0.0
251,51,Sierra Gorda,-0.0
252,52,Sierra Gorda,-0.0
253,53,Sierra Gorda,-0.0
254,54,Sierra Gorda,-0.0
255,55,Sierra Gorda,-0.0
256,56,Sierra Gorda,-0.0
257,57,Sierra Gorda,-0.0
258,58,Sierra Gorda,-0.0
259,59,Sierra Gorda,-0.0
260,60,Sierra Gorda,-0.0
261,61,Sierra Gorda,-0.0
262,62,Sierra Gorda,-0.0
263,63,Sierra Gorda,-0.0
264,64,Sierra Gorda,-0.0
265,65,Sierra Gorda,-0.0
266,66,Sierra Gorda,-0.0
267,67,Sierra Gorda,-0.0
268,68,Sierra Gorda,-0.0
269,69,Sierra Gorda,-0.0
270,70,Sierra Gorda,-0.0
271,71,Sierra Gorda,-0.0
272,72,Sierra Gorda,-0.0
273,73,Sierra Gorda,-0.0
274,74,Sierra Gorda,-0.0
275,75,Sierra Gorda,-0.0
276,76,Sierra Gorda,-0.0
277,77,Sierra Gorda,-0.0
278,78,Sierra Gorda,-0.0
279,79,Sierra Gorda,-0.0
280,80,Sierra Gorda,-0.0
281,81,Sierra Gorda,-0.0
282,82,Sierra Gorda,-0.0
283,83,Sierra Gorda,-0.0
284,84,Sierra Gorda,-0.0
285,85,Sierra Gorda,-0.0
286,86,Sierra Gorda,-0.0
287,87,Sierra Gorda,-0.0
288,88,Sierra Gorda,-0.0
289,89,Sierra Gorda,-0.0
290,90,Sierra Gorda,-0.0
291,91,Sierra Gorda,-0.0
292,92,Sierra Gorda,-0.0
293,93,Sierra Gorda,-0.0
294,94,Sierra Gorda,-0.0
295,95,Sierra Gorda,-0.0
296,96,Sierra Gorda,-0.0
297,97,Sierra Gorda,-0.0
298,98,Sierra Gorda,-0.0
299,99,Sierra Gorda,-0.0
300,0,Taltal,-0.0
301,1,Taltal,-0.0
302,2,Taltal,-0.0
303,3,Taltal,788.0
304,4,Taltal,-0.0
305,5,Taltal,-0.0
306,6,Taltal,-0.0
307,7,Taltal,400.0
308,8,Taltal,-0.0
309,9,Taltal,-0.0
310,10,Taltal,400.0
311,11,Taltal,-0.0
312,12,Taltal,-0.0
313,13,Taltal,-0.0
314,14,Taltal,-0.0
315,15,Taltal,-0.0
316,16,Taltal,-0.0
317,17,Taltal,400.0
318,18,Taltal,-0.0
319,19,Taltal,-0.0
320,20,Taltal,-0.0
321,21,Taltal,-0.0
322,22,Taltal,-0.0
323,23,Taltal,-0.0
324,24,Taltal,400.0
325,25,Taltal,-0.0
326,26,Taltal,-0.0
327,27,Taltal,-0.0
328,28,Taltal,400.0
329,29,Taltal,-0.0
330,30,Taltal,400.0
331,31,Taltal,-0.0
332,32,Taltal,-0.0
333,33,Taltal,-0.0
334,34,Taltal,-0.0
335,35,Taltal,400.0
336,36,Taltal,-0.0
337,37,Taltal,-0.0
338,38,Taltal,-0.0
339,39,Taltal,-0.0
340,40,Taltal,-0.0
341,41,Taltal,-0.0
342,42,Taltal,-0.0
343,43,Taltal,-0.0
344,44,Taltal,-0.0
345,45,Taltal,-0.0
346,46,Taltal,-0.0
347,47,Taltal,-0.0
348,48,Taltal,-0.0
349,49,Taltal,-0.0
350,50,Taltal,-0.0
351,51,Taltal,-0.0
352,52,Taltal,-0.0
353,53,Taltal,-0.0
354,54,Taltal,800.0
355,55,Taltal,-0.0
356,56,Taltal,-0.0
357,57,Taltal,-0.0
358,58,Taltal,-0.0
359,59,Taltal,-0.0
360,60,Taltal,-0.0
361,61,Taltal,-0.0
362,62,Taltal,-0.0
363,63,Taltal,-0.0
364,64,Taltal,-0.0
365,65,Taltal,-0.0
366,66,Taltal,-0.0
367,67,Taltal,-0.0
368,68,Taltal,-0.0
369,69,Taltal,-0.0
370,70,Taltal,-0.0
371,71,Taltal,-0.0
372,72,Taltal,-0.0
373,73,Taltal,-0.0
374,74,Taltal,400.0
375,75,Taltal,400.0
376,76,Taltal,-0.0
377,77,Taltal,-0.0
378,78,Taltal,-0.0
379,79,Taltal,400.0
380,80,Taltal,-0.0
381,81,Taltal,-0.0
382,82,Taltal,-0.0
383,83,Taltal,-0.0
384,84,Taltal,-0.0
385,85,Taltal,-0.0
386,86,Taltal,-0.0
387,87,Taltal,-0.0
388,88,Taltal,-0.0
389,89,Taltal,-0.0
390,90,Taltal,-0.0
391,91,Taltal,-0.0
392,92,Taltal,-0.0
393,93,Taltal,-0.0
394,94,Taltal,-0.0
395,95,Taltal,400.0
396,96,Taltal,-0.0
397,97,Taltal,1600.0
398,98,Taltal,-0.0
399,99,Taltal,-0.0
400,0,Calama,800.0
401,1,Calama,2400.0
402,2,Calama,2400.0
403,3,Calama,1600.0
404,4,Calama,2400.0
405,5,Calama,2400.0
406,6,Calama,-0.0
407,7,Calama,-0.0
408,8,Calama,2000.0
409,9,Calama,1600.0
410,10,Calama,800.0
411,11,Calama,2000.0
412,12,Calama,2400.0
413,13,Calama,2400.0
414,14,Calama,800.0
415,15,Calama,-0.0
416,16,Calama,-0.0
417,17,Calama,1200.0
418,18,Calama,800.0
419,19,Calama,-0.0
420,20,Calama,400.0
421,21,Calama,1600.0
422,22,Calama,400.0
423,23,Calama,800.0
424,24,Calama,400.0
425,25,Calama,1200.0
426,26,Calama,-0.0
427,27,Calama,-0.0
428,28,Calama,1200.0
429,29,Calama,400.0
430,30,Calama,1200.0
431,31,Calama,1200.0
432,32,Calama,-0.0
433,33,Calama,-0.0
434,34,Calama,1600.0
435,35,Calama,-0.0
436,36,Calama,1200.0
437,37,Calama,400.0
438,38,Calama,1200.0
439,39,Calama,1200.0
440,40,Calama,2000.0
441,41,Calama,400.0
442,42,Calama,400.0
443,43,Calama,400.0
444,44,Calama,2400.0
445,45,Calama,1600.0
446,46,Calama,800.0
447,47,Calama,2000.0
448,48,Calama,400.0
449,49,Calama,1200.0
450,50,Calama,400.0
451,51,Calama,800.0
452,52,Calama,400.0
453,53,Calama,400.0
454,54,Calama,-0.0
455,55,Calama,1600.0
456,56,Calama,1600.0
457,57,Calama,1600.0
458,58,Calama,400.0
459,59,Calama,2000.0
460,60,Calama,400.0
461,61,Calama,800.0
462,62,Calama,1600.0
463,63,Calama,2000.0
464,64,Calama,-0.0
465,65,Calama,800.0
466,66,Calama,400.0
467,67,Calama,1200.0
468,68,Calama,2000.0
469,69,Calama,1200.0
470,70,Calama,400.0
471,71,Calama,800.0
472,72,Calama,1600.0
473,73,Calama,1200.0
474,74,Calama,1200.0
475,75,Calama,2000.0
476,76,Calama,800.0
477,77,Calama,2000.0
478,78,Calama,-0.0
479,79,Calama,1200.0
480,80,Calama,800.0
481,81,Calama,-0.0
482,82,Calama,-0.0
483,83,Calama,400.0
484,84,Calama,800.0
485,85,Calama,-0.0
486,86,Calama,-0.0
487,87,Calama,-0.0
488,88,Calama,-0.0
489,89,Calama,-0.0
490,90,Calama,-0.0
491,91,Calama,1200.0
492,92,Calama,1200.0
493,93,Calama,800.0
494,94,Calama,-0.0
495,95,Calama,400.0
496,96,Calama,1200.0
497,97,Calama,-0.0
498,98,Calama,-0.0
499,99,Calama,2400.0
500,0,Ollagüe,-0.0
501,1,Ollagüe,0.0
502,2,Ollagüe,-0.0
503,3,Ollagüe,-0.0
504,4,Ollagüe,-0.0
505,5,Ollagüe,-0.0
506,6,Ollagüe,-0.0
507,7,Ollagüe,-0.0
508,8,Ollagüe,-0.0
509,9,Ollagüe,-0.0
510,10,Ollagüe,-0.0
511,11,Ollagüe,-0.0
512,12,Ollagüe,-0.0
513,13,Ollagüe,-0.0
514,14,Ollagüe,-0.0
515,15,Ollagüe,-0.0
516,16,Ollagüe,-0.0
517,17,Ollagüe,-0.0
518,18,Ollagüe,-0.0
519,19,Ollagüe,-0.0
520,20,Ollagüe,-0.0
521,21,Ollagüe,-0.0
522,22,Ollagüe,-0.0
523,23,Ollagüe,-0.0
524,24,Ollagüe,-0.0
525,25,Ollagüe,-0.0
526,26,Ollagüe,-0.0
527,27,Ollagüe,-0.0
528,28,Ollagüe,-0.0
529,29,Ollagüe,-0.0
530,30,Ollagüe,-0.0
531,31,Ollagüe,-0.0
532,32,Ollagüe,-0.0
533,33,Ollagüe,-0.0
534,34,Ollagüe,-0.0
535,35,Ollagüe,-0.0
536,36,Ollagüe,-0.0
537,37,Ollagüe,-0.0
538,38,Ollagüe,-0.0
539,39,Ollagüe,-0.0
540,40,Ollagüe,-0.0
541,41,Ollagüe,-0.0
542,42,Ollagüe,-0.0
543,43,Ollagüe,-0.0
544,44,Ollagüe,-0.0
545,45,Ollagüe,-0.0
546,46,Ollagüe,-0.0
547,47,Ollagüe,-0.0
548,48,Ollagüe,-0.0
549,49,Ollagüe,-0.0
550,50,Ollagüe,-0.0
551,51,Ollagüe,-0.0
552,52,Ollagüe,-0.0
553,53,Ollagüe,-0.0
554,54,Ollagüe,-0.0
555,55,Ollagüe,-0.0
556,56,Ollagüe,-0.0
557,57,Ollagüe,-0.0
558,58,Ollagüe,-0.0
559,59,Ollagüe,-0.0
560,60,Ollagüe,-0.0
561,61,Ollagüe,-0.0
562,62,Ollagüe,-0.0
563,63,Ollagüe,-0.0
564,64,Ollagüe,-0.0
565,65,Ollagüe,-0.0
566,66,Ollagüe,-0.0
567,67,Ollagüe,-0.0
568,68,Ollagüe,-0.0
569,69,Ollagüe,-0.0
570,70,Ollagüe,-0.0
571,71,Ollagüe,-0.0
572,72,Ollagüe,-0.0
573,73,Ollagüe,-0.0
574,74,Ollagüe,-0.0
575,75,Ollagüe,-0.0
576,76,Ollagüe,-0.0
577,77,Ollagüe,-0.0
578,78,Ollagüe,-0.0
579,79,Ollagüe,-0.0
580,80,Ollagüe,-0.0
581,81,Ollagüe,-0.0
582,82,Ollagüe,-0.0
583,83,Ollagüe,-0.0
584,84,Ollagüe,-0.0
585,85,Ollagüe,-0.0
586,86,Ollagüe,-0.0
587,87,Ollagüe,-0.0
588,88,Ollagüe,-0.0
589,89,Ollagüe,-0.0
590,90,Ollagüe,-0.0
591,91,Ollagüe,-0.0
592,92,Ollagüe,-0.0
593,93,Ollagüe,-0.0
594,94,Ollagüe,-0.0
595,95,Ollagüe,-0.0
596,96,Ollagüe,-0.0
597,97,Ollagüe,-0.0
598,98,Ollagüe,-0.0
599,99,Ollagüe,-0.0
600,0,San Pedro de Atacama,-0.0
601,1,San Pedro de Atacama,-0.0
602,2,San Pedro de Atacama,-0.0
603,3,San Pedro de Atacama,-0.0
604,4,San Pedro de Atacama,-0.0
605,5,San Pedro de Atacama,-0.0
606,6,San Pedro de Atacama,-0.0
607,7,San Pedro de Atacama,-0.0
608,8,San Pedro de Atacama,400.0
609,9,San Pedro de Atacama,-0.0
610,10,San Pedro de Atacama,-0.0
611,11,San Pedro de Atacama,-0.0
612,12,San Pedro de Atacama,-0.0
613,13,San Pedro de Atacama,-0.0
614,14,San Pedro de Atacama,-0.0
615,15,San Pedro de Atacama,-0.0
616,16,San Pedro de Atacama,-0.0
617,17,San Pedro de Atacama,399.0
618,18,San Pedro de Atacama,-0.0
619,19,San Pedro de Atacama,-0.0
620,20,San Pedro de Atacama,-0.0
621,21,San Pedro de Atacama,-0.0
622,22,San Pedro de Atacama,-0.0
623,23,San Pedro de Atacama,-0.0
624,24,San Pedro de Atacama,-0.0
625,25,San Pedro de Atacama,-0.0
626,26,San Pedro de Atacama,-0.0
627,27,San Pedro de Atacama,-0.0
628,28,San Pedro de Atacama,-0.0
629,29,San Pedro de Atacama,-0.0
630,30,San Pedro de Atacama,-0.0
631,31,San Pedro de Atacama,-0.0
632,32,San Pedro de Atacama,400.0
633,33,San Pedro de Atacama,-0.0
634,34,San Pedro de Atacama,-0.0
635,35,San Pedro de Atacama,-0.0
636,36,San Pedro de Atacama,-0.0
637,37,San Pedro de Atacama,400.0
638,38,San Pedro de Atacama,-0.0
639,39,San Pedro de Atacama,-0.0
640,40,San Pedro de Atacama,-0.0
641,41,San Pedro de Atacama,400.0
642,42,San Pedro de Atacama,-0.0
643,43,San Pedro de Atacama,-0.0
644,44,San Pedro de Atacama,-0.0
645,45,San Pedro de Atacama,-0.0
646,46,San Pedro de Atacama,-0.0
647,47,San Pedro de Atacama,-0.0
648,48,San Pedro de Atacama,-0.0
649,49,San Pedro de Atacama,-0.0
650,50,San Pedro de Atacama,-0.0
651,51,San Pedro de Atacama,-0.0
652,52,San Pedro de Atacama,-0.0
653,53,San Pedro de Atacama,-0.0
654,54,San Pedro de Atacama,-0.0
655,55,San Pedro de Atacama,-0.0
656,56,San Pedro de Atacama,-0.0
657,57,San Pedro de Atacama,-0.0
658,58,San Pedro de Atacama,-0.0
659,59,San Pedro de Atacama,-0.0
660,60,San Pedro de Atacama,-0.0
661,61,San Pedro de Atacama,-0.0
662,62,San Pedro de Atacama,-0.0
663,63,San Pedro de Atacama,-0.0
664,64,San Pedro de Atacama,-0.0
665,65,San Pedro de Atacama,-0.0
666,66,San Pedro de Atacama,400.0
667,67,San Pedro de Atacama,-0.0
668,68,San Pedro de Atacama,-0.0
669,69,San Pedro de Atacama,400.0
670,70,San Pedro de Atacama,800.0
671,71,San Pedro de Atacama,399.0
672,72,San Pedro de Atacama,-0.0
673,73,San Pedro de Atacama,400.0
674,74,San Pedro de Atacama,-0.0
675,75,San Pedro de Atacama,-0.0
676,76,San Pedro de Atacama,-0.0
677,77,San Pedro de Atacama,-0.0
678,78,San Pedro de Atacama,-0.0
679,79,San Pedro de Atacama,-0.0
680,80,San Pedro de Atacama,-0.0
681,81,San Pedro de Atacama,-0.0
682,82,San Pedro de Atacama,-0.0
683,83,San Pedro de Atacama,-0.0
684,84,San Pedro de Atacama,-0.0
685,85,San Pedro de Atacama,-0.0
686,86,San Pedro de Atacama,-0.0
687,87,San Pedro de Atacama,-0.0
688,88,San Pedro de Atacama,400.0
689,89,San Pedro de Atacama,-0.0
690,90,San Pedro de Atacama,-0.0
691,91,San Pedro de Atacama,-0.0
692,92,San Pedro de Atacama,400.0
693,93,San Pedro de Atacama,-0.0
694,94,San Pedro de Atacama,-0.0
695,95,San Pedro de Atacama,-0.0
696,96,San Pedro de Atacama,-0.0
697,97,San Pedro de Atacama,-0.0
698,98,San Pedro de Atacama,1200.0
699,99,San Pedro de Atacama,-0.0
700,0,Tocopilla,-0.0
701,1,Tocopilla,-0.0
702,2,Tocopilla,-0.0
703,3,Tocopilla,-0.0
704,4,Tocopilla,-0.0
705,5,Tocopilla,-0.0
706,6,Tocopilla,-0.0
707,7,Tocopilla,-0.0
708,8,Tocopilla,-0.0
709,9,Tocopilla,-0.0
710,10,Tocopilla,-0.0
711,11,Tocopilla,400.0
712,12,Tocopilla,-0.0
713,13,Tocopilla,-0.0
714,14,Tocopilla,-0.0
715,15,Tocopilla,400.0
716,16,Tocopilla,-0.0
717,17,Tocopilla,400.0
718,18,Tocopilla,-0.0
719,19,Tocopilla,-0.0
720,20,Tocopilla,-0.0
721,21,Tocopilla,-0.0
722,22,Tocopilla,-0.0
723,23,Tocopilla,-0.0
724,24,Tocopilla,-0.0
725,25,Tocopilla,800.0
726,26,Tocopilla,-0.0
727,27,Tocopilla,-0.0
728,28,Tocopilla,400.0
729,29,Tocopilla,-0.0
730,30,Tocopilla,-0.0
731,31,Tocopilla,400.0
732,32,Tocopilla,400.0
733,33,Tocopilla,-0.0
734,34,Tocopilla,-0.0
735,35,Tocopilla,400.0
736,36,Tocopilla,-0.0
737,37,Tocopilla,400.0
738,38,Tocopilla,-0.0
739,39,Tocopilla,400.0
740,40,Tocopilla,-0.0
741,41,Tocopilla,-0.0
742,42,Tocopilla,-0.0
743,43,Tocopilla,400.0
744,44,Tocopilla,-0.0
745,45,Tocopilla,-0.0
746,46,Tocopilla,-0.0
747,47,Tocopilla,-0.0
748,48,Tocopilla,-0.0
749,49,Tocopilla,400.0
750,50,Tocopilla,-0.0
751,51,Tocopilla,-0.0
752,52,Tocopilla,400.0
753,53,Tocopilla,-0.0
754,54,Tocopilla,-0.0
755,55,Tocopilla,-0.0
756,56,Tocopilla,-0.0
757,57,Tocopilla,400.0
758,58,Tocopilla,400.0
759,59,Tocopilla,-0.0
760,60,Tocopilla,-0.0
761,61,Tocopilla,-0.0
762,62,Tocopilla,-0.0
763,63,Tocopilla,-0.0
764,64,Tocopilla,-0.0
765,65,Tocopilla,-0.0
766,66,Tocopilla,400.0
767,67,Tocopilla,400.0
768,68,Tocopilla,-0.0
769,69,Tocopilla,400.0
770,70,Tocopilla,400.0
771,71,Tocopilla,-0.0
772,72,Tocopilla,800.0
773,73,Tocopilla,-0.0
774,74,Tocopilla,400.0
775,75,Tocopilla,-0.0
776,76,Tocopilla,400.0
777,77,Tocopilla,400.0
778,78,Tocopilla,-0.0
779,79,Tocopilla,-0.0
780,80,Tocopilla,-0.0
781,81,Tocopilla,-0.0
782,82,Tocopilla,-0.0
783,83,Tocopilla,-0.0
784,84,Tocopilla,-0.0
785,85,Tocopilla,800.0
786,86,Tocopilla,400.0
787,87,Tocopilla,-0.0
788,88,Tocopilla,-0.0
789,89,Tocopilla,-0.0
790,90,Tocopilla,-0.0
791,91,Tocopilla,-0.0
792,92,Tocopilla,-0.0
793,93,Tocopilla,-0.0
794,94,Tocopilla,800.0
795,95,Tocopilla,-0.0
796,96,Tocopilla,-0.0
797,97,Tocopilla,-0.0
798,98,Tocopilla,-0.0
799,99,Tocopilla,-0.0
800,0,María Elena,1200.0
801,1,María Elena,-0.0
802,2,María Elena,-0.0
803,3,María Elena,-0.0
804,4,María Elena,-0.0
805,5,María Elena,-0.0
806,6,María Elena,-0.0
807,7,María Elena,-0.0
808,8,María Elena,-0.0
809,9,María Elena,-0.0
810,10,María Elena,-0.0
811,11,María Elena,-0.0
812,12,María Elena,-0.0
813,13,María Elena,-0.0
814,14,María Elena,-0.0
815,15,María Elena,-0.0
816,16,María Elena,-0.0
817,17,María Elena,-0.0
818,18,María Elena,-0.0
819,19,María Elena,-0.0
820,20,María Elena,-0.0
821,21,María Elena,-0.0
822,22,María Elena,-0.0
823,23,María Elena,-0.0
824,24,María Elena,-0.0
825,25,María Elena,-0.0
826,26,María Elena,-0.0
827,27,María Elena,-0.0
828,28,María Elena,-0.0
829,29,María Elena,-0.0
830,30,María Elena,-0.0
831,31,María Elena,-0.0
832,32,María Elena,-0.0
833,33,María Elena,400.0
834,34,María Elena,-0.0
835,35,María Elena,-0.0
836,36,María Elena,-0.0
837,37,María Elena,-0.0
838,38,María Elena,-0.0
839,39,María Elena,-0.0
840,40,María Elena,-0.0
841,41,María Elena,-0.0
842,42,María Elena,-0.0
843,43,María Elena,-0.0
844,44,María Elena,-0.0
845,45,María Elena,-0.0
846,46,María Elena,-0.0
847,47,María Elena,-0.0
848,48,María Elena,-0.0
849,49,María Elena,-0.0
850,50,María Elena,-0.0
851,51,María Elena,-0.0
852,52,María Elena,-0.0
853,53,María Elena,-0.0
854,54,María Elena,-0.0
855,55,María Elena,-0.0
856,56,María Elena,400.0
857,57,María Elena,-0.0
858,58,María Elena,-0.0
859,59,María Elena,-0.0
860,60,María Elena,-0.0
861,61,María Elena,-0.0
862,62,María Elena,-0.0
863,63,María Elena,-0.0
864,64,María Elena,-0.0
865,65,María Elena,-0.0
866,66,María Elena,-0.0
867,67,María Elena,-0.0
868,68,María Elena,-0.0
869,69,María Elena,-0.0
870,70,María Elena,-0.0
871,71,María Elena,400.0
872,72,María Elena,-0.0
873,73,María Elena,-0.0
874,74,María Elena,-0.0
875,75,María Elena,-0.0
876,76,María Elena,-0.0
877,77,María Elena,-0.0
878,78,María Elena,1600.0
879,79,María Elena,-0.0
880,80,María Elena,-0.0
881,81,María Elena,-0.0
882,82,María Elena,-0.0
883,83,María Elena,-0.0
884,84,María Elena,-0.0
885,85,María Elena,-0.0
886,86,María Elena,-0.0
887,87,María Elena,-0.0
888,88,María Elena,-0.0
889,89,María Elena,-0.0
890,90,María Elena,-0.0
891,91,María Elena,-0.0
892,92,María Elena,-0.0
893,93,María Elena,-0.0
894,94,María Elena,-0.0
895,95,María Elena,-0.0
896,96,María Elena,-0.0
897,97,María Elena,-0.0
898,98,María Elena,-0.0
899,99,María Elena,-0.0
